order_id,customer_id,province,amount,status,order_date
1,232,HaiPhong,4282476.0,shipping,2025-09-18
2,98,HoChiMinh,515911.0,Shipping,2025-04-06
3,156,HoChiMinh,2997411.0,Pending,2025-01-22
4,203,CanTho,4166923.0,Completed,2025-01-08
5,33,HaNoi,N/A,PENDING,2025-05-04
6,399,CanTho,2619664.0,cancelled,2025-04-11
7,328,DaNang,2313783.0,SHIPPING,31/02/2025
8,143,CanTho,1610622.0,Pending,2025-05-11
9,118,HaiPhong,2837554.0,CANCELLED,2025-02-05
10,56,CanTho,380791.0,pending,2025-07-17
11,9,NgheAn,4638859.0,PENDING,2025-04-18
12,27,,-381873,Shipping,2025-07-23
13,290,NgheAn,1717620.0,Completed,
14,160,DaNang,716253.0,pending,2025-03-02
15,362,HaNoi,3995256.0,PENDING,2025-08-27
16,91,NgheAn,993888.0,completed,2025-09-18
17,375,HoChiMinh,626715.0,Shipping,2025-07-16
18,216,HoChiMinh,4989623.0,pending,2025-06-05
19,11,HoChiMinh,546647.0,completed,2025-10-23
20,75,HoChiMinh,,shipping,2025-01-05
21,169,DaNang,496080.0,SHIPPING,2025-02-08
22,299,NgheAn,1889935.0,COMPLETED,2025-07-08
23,233,HoChiMinh,4339302.0,Shipping,2025-03-11
24,94,NgheAn,4098120.0,completed,2025-04-27
25,128,NgheAn,1023119.0,COMPLETED,2025-10-11
26,487,CanTho,2136213.0,Shipping,2025-02-10
27,54,HaNoi,1230116.0,Pending,2025-05-11
28,361,CanTho,1502505.0,cancelled,31/02/2025
29,90,NgheAn,,PENDING,2025-04-27
30,335,HaiPhong,4590933.0,pending,2025-04-19
31,105,NgheAn,2086561.0,PENDING,2025-05-18
32,128,HaNoi,1875488.0,PENDING,2025-05-25
33,293,HoChiMinh,4460154.0,pending,2025-03-12
34,170,NgheAn,4621757.0,completed,2025-01-18
35,244,DaNang,3011945.0,CANCELLED,2025-01-11
36,39,CanTho,1628577.0,Pending,2025-06-09
37,38,HaNoi,3698177.0,Shipping,2025-07-08
38,461,NgheAn,470388.0,completed,2025-06-30
39,243,HaNoi,2885397.0,SHIPPING,2025-09-13
40,320,NgheAn,111614.0,shipping,2025-10-26
41,37,HaNoi,4966945.0,Pending,2025-03-01
42,451,CanTho,-383100,cancelled,2025-10-25
43,237,HaiPhong,197460.0,Pending,2025-09-21
44,308,HaNoi,4789109.0,SHIPPING,2025-04-28
45,58,CanTho,1871359.0,shipping,2025-01-06
46,74,NgheAn,3781168.0,Completed,2025-03-28
47,176,NgheAn,1668455.0,shipping,2025-05-04
48,341,DaNang,4028383.0,Completed,2025-08-09
49,387,HoChiMinh,2936381.0,completed,2025-04-23
50,163,HoChiMinh,1786188.0,COMPLETED,2025-09-12
51,459,HaNoi,608505.0,pending,2025-03-28
52,242,,3147381.0,completed,2025-07-15
53,253,NgheAn,1635714.0,Cancelled,2025-08-20
54,425,HaNoi,3407361.0,Cancelled,2025-01-22
55,144,HaiPhong,144614.0,cancelled,
56,70,CanTho,3857605.0,SHIPPING,2025-01-13
57,137,HoChiMinh,2260080.0,COMPLETED,2025-03-01
58,323,HaiPhong,1036740.0,CANCELLED,2025-04-12
59,244,DaNang,3787502.0,Completed,2025-01-06
60,274,NgheAn,1398157.0,PENDING,2025-04-26
61,178,HaiPhong,481688.0,completed,2025-04-25
62,478,NgheAn,2295004.0,SHIPPING,2025-08-19
63,321,HaNoi,3280735.0,Shipping,2025-10-19
64,258,DaNang,539875.0,shipping,2025-13-40
65,444,NgheAn,4504919.0,PENDING,2025-05-05
66,45,DaNang,1775110.0,CANCELLED,2025-01-09
67,43,HaNoi,2136014.0,shipping,2025-10-09
68,141,CanTho,2173225.0,PENDING,2025-02-02
69,18,HoChiMinh,2379282.0,Cancelled,2025-03-13
70,265,NgheAn,4748314.0,shipping,2025-10-24
71,45,HoChiMinh,1486340.0,Shipping,2025-10-14
72,374,HaiPhong,-161322,Completed,2025-09-21
73,287,DaNang,4776184.0,Cancelled,2025-07-15
74,446,HaiPhong,-432900,completed,2025-03-14
75,269,DaNang,2702723.0,SHIPPING,2025-07-30
76,258,HaNoi,4848554.0,SHIPPING,2025-10-03
77,265,CanTho,3470384.0,pending,2025-02-17
78,34,HaiPhong,1382608.0,shipping,2025-07-26
79,243,CanTho,4509429.0,completed,2025-08-11
80,480,CanTho,2126719.0,CANCELLED,2025-04-09
81,16,DaNang,226343.0,Completed,2025-01-12
82,80,HoChiMinh,1644307.0,Pending,2025-05-26
83,182,HoChiMinh,3667924.0,SHIPPING,2025-09-13
84,63,HaiPhong,-446767,Cancelled,2025-04-12
85,450,CanTho,4134640.0,pending,2025-07-31
86,316,HoChiMinh,3210412.0,Completed,2025-10-01
87,272,HoChiMinh,4518254.0,COMPLETED,2025-06-27
88,162,HaiPhong,3902657.0,CANCELLED,2025-04-22
89,100,HaNoi,3646554.0,COMPLETED,2025-03-09
90,133,CanTho,2739220.0,pending,2025-08-04
91,361,HoChiMinh,525481.0,completed,2025-01-10
92,292,NgheAn,,cancelled,2025-03-01
93,325,DaNang,575558.0,COMPLETED,2025-09-04
94,20,HaiPhong,963455.0,SHIPPING,2025-04-08
95,105,HoChiMinh,2919905.0,completed,2025-02-18
96,69,NgheAn,1667795.0,SHIPPING,2025-02-19
97,240,CanTho,N/A,Cancelled,2025-04-18
98,7,NgheAn,2069381.0,PENDING,2025-04-03
99,185,,3044118.0,cancelled,2025-04-10
100,49,,,pending,2025-02-13
101,361,NgheAn,2546229.0,Shipping,2025-04-08
102,175,DaNang,4082477.0,CANCELLED,31/02/2025
103,208,HoChiMinh,3847986.0,Cancelled,2025-07-09
104,392,HoChiMinh,399231.0,SHIPPING,2025-04-05
105,175,DaNang,4445838.0,SHIPPING,2025-01-06
106,328,HaiPhong,4726145.0,PENDING,31/02/2025
107,342,DaNang,2869399.0,CANCELLED,2025-07-27
108,273,HaNoi,3229213.0,Shipping,2025-09-12
109,360,HaNoi,618105.0,Shipping,2025-01-12
110,56,NgheAn,2037700.0,completed,2025-08-16
111,26,HoChiMinh,1329860.0,SHIPPING,2025-02-20
112,142,DaNang,4239605.0,Shipping,2025-10-18
113,52,NgheAn,2769607.0,Shipping,2025-02-09
114,343,HaNoi,N/A,SHIPPING,2025-07-17
115,87,CanTho,2132484.0,pending,
116,270,CanTho,1464465.0,cancelled,2025-09-29
117,336,DaNang,182963.0,Cancelled,2025-06-01
118,396,HoChiMinh,2073589.0,Pending,2025-03-22
119,351,CanTho,298283.0,pending,2025-07-23
120,371,DaNang,3609668.0,PENDING,2025-08-08
121,129,HoChiMinh,4689491.0,Pending,2025-02-20
122,371,CanTho,299479.0,COMPLETED,2025-02-28
123,214,CanTho,1815651.0,PENDING,2025-01-27
124,80,HaNoi,3356062.0,cancelled,2025-03-13
125,234,HaiPhong,3425931.0,Cancelled,2025-10-26
126,187,,1230135.0,completed,2025-03-07
127,59,HaiPhong,1410038.0,Cancelled,2025-07-03
128,313,NgheAn,3779081.0,Completed,2025-05-23
129,98,HoChiMinh,3160627.0,Completed,2025-01-21
130,5,DaNang,3135578.0,cancelled,2025-01-14
131,53,HoChiMinh,4568788.0,CANCELLED,2025-02-14
132,83,HaiPhong,2445847.0,Completed,2025-07-11
133,182,HoChiMinh,3736893.0,cancelled,2025-09-11
134,430,HaNoi,2249476.0,pending,2025-04-20
135,383,DaNang,809659.0,SHIPPING,2025-07-08
136,429,HaiPhong,3806976.0,cancelled,2025-10-08
137,423,HoChiMinh,2923918.0,Shipping,2025-07-09
138,237,DaNang,2188343.0,Pending,2025-02-12
139,291,CanTho,426593.0,shipping,2025-01-05
140,110,,2499068.0,Pending,2025-06-05
141,392,,1132826.0,cancelled,2025-03-15
142,337,NgheAn,1646104.0,cancelled,2025-03-02
143,226,HaiPhong,4025095.0,cancelled,2025-09-29
144,157,CanTho,4840461.0,CANCELLED,2025-07-24
145,374,HaiPhong,4151193.0,COMPLETED,2025-07-05
146,13,DaNang,3990845.0,Shipping,2025-07-18
147,379,HaiPhong,816193.0,cancelled,2025-10-04
148,303,HaiPhong,3806789.0,COMPLETED,2025-02-15
149,452,DaNang,335751.0,PENDING,2025-09-22
150,82,HaiPhong,367080.0,cancelled,2025-08-05
151,280,DaNang,1404539.0,pending,2025-02-11
152,54,DaNang,532375.0,PENDING,2025-03-15
153,418,NgheAn,2470594.0,SHIPPING,
154,465,HaiPhong,1784680.0,cancelled,2025-07-21
155,414,DaNang,2709832.0,completed,2025-09-07
156,370,HaNoi,4274845.0,pending,2025-06-28
157,413,,3219353.0,pending,2025-10-05
158,269,DaNang,4621631.0,PENDING,2025-08-04
159,469,HoChiMinh,4955501.0,Completed,2025-03-25
160,193,NgheAn,1977169.0,Completed,2025-04-15
161,271,DaNang,1576801.0,CANCELLED,2025-08-30
162,59,DaNang,3778019.0,COMPLETED,2025-02-01
163,9,HaiPhong,587946.0,SHIPPING,2025-06-10
164,95,DaNang,3020130.0,Completed,2025-05-01
165,242,HaiPhong,4477879.0,COMPLETED,2025-04-05
166,207,HoChiMinh,4712882.0,Cancelled,2025-10-08
167,282,CanTho,4575552.0,cancelled,2025-07-26
168,176,NgheAn,2027156.0,pending,2025-04-24
169,112,HoChiMinh,3882144.0,Shipping,2025-09-22
170,404,HaNoi,4530883.0,COMPLETED,2025-08-30
171,231,HoChiMinh,2108075.0,Shipping,2025-03-22
172,396,DaNang,699026.0,completed,2025-09-22
173,380,HaiPhong,312059.0,Cancelled,2025-10-01
174,293,HoChiMinh,4119338.0,PENDING,2025-03-18
175,43,DaNang,530976.0,Cancelled,2025-09-28
176,246,NgheAn,2739874.0,SHIPPING,2025-10-28
177,260,DaNang,1005699.0,PENDING,2025-08-02
178,350,HaNoi,2739688.0,shipping,2025-01-20
179,270,CanTho,1588196.0,completed,2025-06-11
180,39,HaiPhong,1830562.0,cancelled,2025-02-04
181,352,HoChiMinh,N/A,Pending,2025-07-21
182,383,HaNoi,3573209.0,SHIPPING,2025-07-13
183,244,HoChiMinh,2317535.0,Cancelled,2025-02-28
184,6,NgheAn,1487449.0,Completed,2025-03-19
185,193,,2800138.0,cancelled,2025-07-20
186,45,DaNang,3670646.0,COMPLETED,2025-07-12
187,169,DaNang,3632771.0,Cancelled,2025-08-29
188,170,CanTho,747071.0,SHIPPING,2025-02-22
189,49,HoChiMinh,2041281.0,COMPLETED,2025-04-09
190,429,CanTho,,PENDING,2025-04-27
191,64,CanTho,4607047.0,SHIPPING,2025-06-24
192,219,HaiPhong,3845964.0,Completed,2025-04-16
193,421,NgheAn,4610557.0,shipping,2025-06-19
194,319,HaNoi,4910658.0,Shipping,31/02/2025
195,405,HoChiMinh,984362.0,pending,2025-06-19
196,158,NgheAn,1919181.0,SHIPPING,2025-10-13
197,261,DaNang,1306701.0,CANCELLED,2025-03-23
198,276,DaNang,2591556.0,completed,2025-09-14
199,294,NgheAn,2858478.0,Completed,2025-04-11
200,14,NgheAn,1260767.0,COMPLETED,2025-03-11
201,296,CanTho,4648847.0,cancelled,2025-02-16
202,185,DaNang,4869213.0,SHIPPING,2025-08-20
203,70,HoChiMinh,884247.0,Pending,2025-05-16
204,382,DaNang,1478467.0,COMPLETED,2025-01-02
205,460,,4162236.0,Completed,2025-07-05
206,96,HaiPhong,2046782.0,pending,2025-01-17
207,401,NgheAn,3095340.0,completed,2025-07-15
208,328,HaNoi,2366718.0,COMPLETED,2025-07-30
209,74,HaiPhong,2058383.0,SHIPPING,2025-10-19
210,173,HaiPhong,2861769.0,completed,2025-05-05
211,171,HaNoi,2045730.0,Pending,2025-03-16
212,255,HaiPhong,2086554.0,pending,2025-06-26
213,320,NgheAn,4451433.0,shipping,2025-09-06
214,238,NgheAn,2851535.0,shipping,
215,464,HaiPhong,2189512.0,Cancelled,2025-09-24
216,463,HaNoi,3641635.0,CANCELLED,2025-06-01
217,461,CanTho,3771833.0,Shipping,2025-06-14
218,157,HaiPhong,4229691.0,PENDING,2025-03-05
219,125,HaiPhong,3489778.0,SHIPPING,2025-09-01
220,270,HoChiMinh,4704197.0,Cancelled,2025-07-22
221,451,HaNoi,2841611.0,Cancelled,2025-08-04
222,85,HoChiMinh,4521902.0,Shipping,2025-03-04
223,51,HaiPhong,2900641.0,COMPLETED,2025-10-03
224,233,HaNoi,168426.0,CANCELLED,2025-06-03
225,89,HaNoi,2016411.0,shipping,2025-09-29
226,183,NgheAn,204102.0,COMPLETED,2025-06-06
227,461,DaNang,758972.0,cancelled,2025-09-13
228,398,CanTho,4302082.0,COMPLETED,2025-06-01
229,355,HaNoi,4501681.0,Completed,2025-07-01
230,9,HoChiMinh,997965.0,Completed,2025-05-01
231,451,HaNoi,4808719.0,pending,2025-06-10
232,141,CanTho,2105095.0,completed,2025-08-16
233,87,HoChiMinh,1381301.0,CANCELLED,2025-04-11
234,369,HoChiMinh,4028388.0,cancelled,
235,269,HaNoi,3351816.0,completed,2025-04-03
236,142,HoChiMinh,2229700.0,pending,2025-02-09
237,271,,1458471.0,PENDING,2025-10-28
238,129,CanTho,4942314.0,PENDING,2025-05-26
239,98,HoChiMinh,192697.0,completed,2025-10-08
240,405,HoChiMinh,4586229.0,Pending,2025-08-25
241,300,CanTho,940481.0,pending,2025-01-31
242,285,,3925827.0,cancelled,2025-13-40
243,265,DaNang,604949.0,Completed,2025-03-26
244,224,HoChiMinh,3943494.0,Shipping,2025-05-12
245,406,NgheAn,2743587.0,completed,2025-09-08
246,437,HaiPhong,1052412.0,shipping,31/02/2025
247,497,NgheAn,4370755.0,Pending,2025-08-18
248,93,DaNang,3062339.0,Completed,2025-01-10
249,413,CanTho,4290527.0,Shipping,2025-05-15
250,16,HaNoi,3217329.0,PENDING,2025-10-19
251,297,NgheAn,317196.0,Completed,2025-03-16
252,218,HaNoi,3914503.0,Cancelled,2025-09-27
253,392,HaiPhong,899419.0,SHIPPING,2025-09-19
254,131,HoChiMinh,352653.0,completed,2025-08-21
255,211,CanTho,3533635.0,Cancelled,2025-04-21
256,491,HaNoi,765658.0,completed,2025-03-10
257,234,HaiPhong,2078788.0,PENDING,2025-05-04
258,270,HoChiMinh,1525434.0,pending,2025-10-12
259,218,HaNoi,1513722.0,Pending,2025-04-28
260,61,,475783.0,completed,2025-08-25
261,117,DaNang,,cancelled,2025-04-22
262,207,HaiPhong,,Pending,2025-06-25
263,467,HaiPhong,4680417.0,completed,2025-07-21
264,110,CanTho,2121385.0,SHIPPING,2025-04-21
265,127,HoChiMinh,2031097.0,completed,2025-04-15
266,305,CanTho,2476566.0,cancelled,2025-08-17
267,321,NgheAn,2724609.0,completed,2025-04-15
268,215,HaNoi,1845946.0,Pending,2025-05-22
269,141,HaiPhong,,Pending,2025-04-04
270,263,CanTho,1837433.0,completed,2025-02-22
271,79,NgheAn,3631097.0,CANCELLED,2025-05-04
272,465,HaNoi,2277177.0,pending,2025-07-16
273,438,CanTho,3362642.0,cancelled,2025-09-23
274,155,CanTho,979252.0,completed,2025-01-21
275,264,HaiPhong,1595786.0,COMPLETED,2025-04-17
276,218,CanTho,1338937.0,Completed,2025-10-08
277,372,CanTho,4181264.0,SHIPPING,2025-04-15
278,274,NgheAn,1963209.0,shipping,2025-03-11
279,444,DaNang,1883794.0,COMPLETED,2025-05-30
280,313,HoChiMinh,3748162.0,COMPLETED,2025-01-13
281,248,HaiPhong,3319078.0,Pending,2025-06-02
282,35,HoChiMinh,4777958.0,Cancelled,2025-03-04
283,445,DaNang,494963.0,Completed,2025-05-13
284,219,HaNoi,2475063.0,shipping,
285,477,DaNang,1147051.0,cancelled,2025-05-24
286,474,CanTho,1786056.0,completed,2025-03-27
287,365,HoChiMinh,4542190.0,Pending,2025-06-25
288,412,HoChiMinh,3521799.0,Shipping,2025-05-12
289,284,,1853253.0,pending,2025-03-03
290,33,CanTho,2503005.0,CANCELLED,2025-07-13
291,300,,4436108.0,Shipping,2025-06-16
292,38,HaNoi,4464222.0,pending,2025-06-15
293,290,,3229479.0,Cancelled,2025-04-06
294,197,HaiPhong,,cancelled,2025-01-16
295,483,HoChiMinh,,Pending,2025-01-25
296,211,HaiPhong,388285.0,SHIPPING,2025-05-22
297,238,CanTho,4028952.0,shipping,31/02/2025
298,350,HaiPhong,1833974.0,cancelled,2025-09-11
299,11,,1327854.0,completed,2025-04-27
300,113,HoChiMinh,67311.0,Pending,2025-07-21
301,281,CanTho,4426547.0,Pending,2025-10-15
302,354,DaNang,4437347.0,cancelled,2025-02-23
303,161,NgheAn,3448439.0,Completed,2025-07-22
304,494,HoChiMinh,3126984.0,COMPLETED,2025-06-20
305,252,HaiPhong,1464256.0,cancelled,2025-08-01
306,384,NgheAn,1842995.0,SHIPPING,2025-05-08
307,362,HoChiMinh,4098279.0,COMPLETED,2025-02-05
308,454,NgheAn,2586157.0,CANCELLED,2025-08-20
309,348,CanTho,4355651.0,PENDING,2025-07-31
310,28,DaNang,3710360.0,cancelled,2025-09-17
311,356,,1870190.0,Cancelled,2025-05-09
312,350,DaNang,4221422.0,completed,2025-04-15
313,425,HoChiMinh,3133808.0,Shipping,2025-03-06
314,426,DaNang,1915907.0,COMPLETED,2025-04-13
315,343,DaNang,4870376.0,Completed,2025-04-05
316,242,HaiPhong,2125553.0,completed,2025-05-19
317,324,NgheAn,291070.0,shipping,2025-03-13
318,366,HaNoi,1814493.0,PENDING,2025-05-27
319,276,HaNoi,4172214.0,shipping,2025-01-14
320,439,CanTho,1580543.0,completed,31/02/2025
321,410,NgheAn,3623272.0,CANCELLED,2025-07-20
322,209,HoChiMinh,2752444.0,Shipping,2025-04-21
323,410,HoChiMinh,2803107.0,SHIPPING,2025-02-24
324,460,DaNang,801707.0,shipping,2025-03-03
325,453,HaNoi,761009.0,Cancelled,2025-10-19
326,321,CanTho,450967.0,cancelled,2025-04-27
327,103,DaNang,800493.0,Cancelled,2025-01-27
328,4,DaNang,1714672.0,PENDING,2025-04-04
329,72,HoChiMinh,2102141.0,shipping,2025-01-17
330,414,HaiPhong,1113987.0,Shipping,2025-01-30
331,316,NgheAn,4697460.0,cancelled,2025-04-07
332,443,HoChiMinh,920449.0,Shipping,2025-01-25
333,14,HoChiMinh,-76586,Pending,2025-02-08
334,13,,2355909.0,CANCELLED,2025-09-21
335,454,HoChiMinh,3845955.0,pending,2025-01-06
336,136,HoChiMinh,4025243.0,shipping,2025-06-07
337,424,NgheAn,,pending,2025-07-25
338,210,,746870.0,PENDING,2025-10-23
339,166,CanTho,4063251.0,Cancelled,2025-05-22
340,187,NgheAn,1432116.0,shipping,2025-06-09
341,464,NgheAn,1359909.0,Cancelled,2025-02-18
342,110,NgheAn,3728826.0,COMPLETED,2025-01-25
343,280,DaNang,N/A,COMPLETED,2025-06-27
344,74,,158860.0,CANCELLED,2025-08-09
345,205,HaiPhong,1641417.0,pending,2025-02-18
346,276,HoChiMinh,379198.0,PENDING,2025-06-14
347,302,HaNoi,4815195.0,cancelled,2025-08-31
348,113,CanTho,,Shipping,2025-04-02
349,36,NgheAn,3899519.0,shipping,2025-04-04
350,269,HaNoi,-165353,Completed,2025-07-13
351,29,HoChiMinh,2549007.0,cancelled,2025-08-06
352,291,HaNoi,2209087.0,Pending,2025-08-21
353,240,CanTho,1908508.0,Shipping,2025-04-28
354,278,HaiPhong,,Pending,2025-01-17
355,232,CanTho,,Cancelled,2025-01-24
356,477,DaNang,-497493,Completed,2025-08-28
357,132,NgheAn,4947618.0,CANCELLED,2025-08-29
358,206,HaNoi,1208896.0,completed,2025-02-26
359,431,NgheAn,2582432.0,COMPLETED,2025-02-23
360,134,HaNoi,1291018.0,COMPLETED,2025-06-25
361,414,DaNang,121070.0,SHIPPING,2025-10-02
362,219,HoChiMinh,414067.0,shipping,2025-05-03
363,285,CanTho,4009848.0,SHIPPING,2025-02-06
364,438,HaNoi,933744.0,PENDING,2025-07-07
365,171,HaNoi,631156.0,CANCELLED,2025-05-28
366,94,HaiPhong,4513879.0,SHIPPING,2025-08-27
367,37,HaNoi,N/A,Completed,2025-06-11
368,373,HoChiMinh,4091886.0,shipping,2025-01-08
369,359,DaNang,3489529.0,Cancelled,2025-04-17
370,93,HoChiMinh,2358986.0,Completed,31/02/2025
371,67,DaNang,3069615.0,pending,2025-06-26
372,184,DaNang,3473694.0,COMPLETED,2025-02-05
373,377,NgheAn,1040945.0,cancelled,2025-07-29
374,37,NgheAn,4109734.0,cancelled,2025-07-11
375,210,DaNang,,SHIPPING,2025-09-17
376,49,DaNang,2917380.0,SHIPPING,2025-09-10
377,146,HaNoi,1166882.0,CANCELLED,2025-08-21
378,245,CanTho,3026254.0,Completed,2025-07-31
379,230,NgheAn,1699797.0,pending,2025-08-03
380,300,CanTho,3376715.0,cancelled,2025-01-07
381,126,HaNoi,2986836.0,shipping,2025-03-09
382,444,DaNang,1740768.0,shipping,2025-05-23
383,421,HaiPhong,2292974.0,Pending,2025-02-20
384,108,HaNoi,199817.0,CANCELLED,2025-07-11
385,303,NgheAn,2372487.0,CANCELLED,2025-03-21
386,186,HoChiMinh,2424204.0,Shipping,2025-06-11
387,334,HaiPhong,-35937,PENDING,2025-01-11
388,203,CanTho,3520173.0,Completed,2025-10-05
389,30,HaNoi,3961726.0,Shipping,2025-07-25
390,478,HoChiMinh,4160307.0,completed,2025-07-09
391,264,CanTho,67854.0,Pending,2025-02-12
392,491,NgheAn,3891237.0,Cancelled,2025-08-31
393,62,CanTho,1886034.0,SHIPPING,2025-01-09
394,188,HaNoi,2702629.0,pending,2025-07-31
395,274,,2841872.0,pending,2025-09-17
396,35,,2573052.0,COMPLETED,2025-02-15
397,158,DaNang,2974372.0,CANCELLED,2025-05-07
398,239,HaNoi,892463.0,Completed,2025-08-20
399,54,CanTho,816483.0,COMPLETED,2025-09-15
400,497,HaiPhong,2096224.0,completed,2025-03-02
401,6,HoChiMinh,824941.0,completed,2025-07-12
402,272,,2492517.0,pending,2025-13-40
403,467,HaiPhong,1532443.0,pending,2025-08-02
404,110,DaNang,1677495.0,Pending,2025-08-03
405,251,HoChiMinh,4638993.0,Completed,2025-09-14
406,50,CanTho,N/A,cancelled,31/02/2025
407,44,CanTho,3261153.0,shipping,2025-07-03
408,171,CanTho,4186468.0,PENDING,2025-06-09
409,32,HoChiMinh,2028715.0,Shipping,2025-06-15
410,115,NgheAn,210393.0,Pending,2025-07-10
411,185,CanTho,2462652.0,Completed,2025-09-27
412,5,DaNang,85035.0,Shipping,2025-02-23
413,304,DaNang,4208405.0,completed,2025-07-08
414,108,HaiPhong,2513279.0,pending,2025-04-05
415,265,DaNang,1297243.0,PENDING,2025-04-20
416,139,CanTho,1464568.0,cancelled,2025-02-15
417,349,HaNoi,4166109.0,pending,2025-04-26
418,169,HaNoi,3952095.0,CANCELLED,2025-03-21
419,329,DaNang,2006291.0,pending,2025-01-25
420,43,HaiPhong,3104129.0,completed,2025-01-12
421,350,HoChiMinh,2120808.0,Pending,2025-09-03
422,348,NgheAn,2230573.0,PENDING,2025-02-12
423,385,HoChiMinh,4015764.0,shipping,2025-08-12
424,228,DaNang,3347920.0,PENDING,2025-07-02
425,281,,2015993.0,Pending,2025-03-02
426,354,NgheAn,2103358.0,PENDING,2025-02-19
427,275,HoChiMinh,2388359.0,PENDING,2025-05-21
428,17,CanTho,2493434.0,SHIPPING,2025-09-11
429,354,CanTho,3724595.0,SHIPPING,2025-10-09
430,86,HaiPhong,1764025.0,CANCELLED,2025-01-08
431,84,NgheAn,3434525.0,cancelled,2025-09-24
432,232,HaiPhong,781778.0,shipping,2025-10-26
433,361,CanTho,1206238.0,CANCELLED,2025-09-08
434,134,DaNang,1322426.0,SHIPPING,2025-01-24
435,33,DaNang,2192016.0,SHIPPING,2025-04-20
436,317,HaNoi,2306125.0,completed,2025-13-40
437,250,HaNoi,3413205.0,COMPLETED,2025-02-22
438,257,HoChiMinh,2861982.0,Pending,2025-06-30
439,283,CanTho,2261206.0,cancelled,2025-03-19
440,498,DaNang,3931195.0,CANCELLED,2025-05-07
441,112,HoChiMinh,3836187.0,CANCELLED,2025-03-25
442,299,,1851902.0,Cancelled,2025-06-16
443,487,NgheAn,596614.0,Cancelled,2025-05-16
444,184,HaNoi,3355460.0,Completed,2025-05-10
445,147,DaNang,424987.0,Completed,2025-09-06
446,15,DaNang,4375387.0,Cancelled,2025-03-19
447,82,HaiPhong,2741752.0,Completed,2025-02-15
448,376,HoChiMinh,2164247.0,cancelled,2025-01-28
449,400,DaNang,3446711.0,completed,2025-08-20
450,177,NgheAn,1390079.0,Completed,2025-09-16
451,373,DaNang,595777.0,COMPLETED,2025-10-09
452,482,NgheAn,554927.0,pending,2025-01-02
453,290,HaNoi,1800398.0,completed,2025-06-08
454,73,HaNoi,2095811.0,PENDING,2025-01-16
455,74,NgheAn,3413289.0,pending,2025-09-27
456,45,HaiPhong,4630156.0,Cancelled,2025-09-13
457,451,NgheAn,N/A,pending,2025-03-13
458,41,,4702705.0,SHIPPING,2025-10-13
459,461,HaiPhong,1317508.0,PENDING,2025-06-03
460,113,NgheAn,4752229.0,CANCELLED,2025-10-05
461,474,HoChiMinh,3987489.0,SHIPPING,2025-09-08
462,352,HaiPhong,3857735.0,CANCELLED,2025-13-40
463,81,HaNoi,4351790.0,PENDING,2025-06-02
464,491,HaNoi,4157244.0,SHIPPING,2025-03-18
465,353,HaiPhong,386147.0,PENDING,2025-07-10
466,407,HoChiMinh,1785357.0,SHIPPING,2025-07-28
467,113,DaNang,1348205.0,SHIPPING,2025-05-04
468,300,DaNang,2301766.0,Cancelled,2025-06-30
469,121,CanTho,1096606.0,COMPLETED,2025-03-18
470,232,CanTho,1229342.0,completed,2025-04-05
471,336,HaiPhong,2892591.0,Cancelled,2025-09-25
472,294,HaNoi,375597.0,completed,2025-04-29
473,261,DaNang,3962067.0,Completed,2025-01-18
474,277,HaNoi,1260003.0,Pending,2025-09-15
475,112,HaNoi,1885138.0,Shipping,2025-03-12
476,183,HaNoi,2124560.0,pending,2025-03-11
477,344,HoChiMinh,4538197.0,CANCELLED,2025-07-14
478,288,HaiPhong,307536.0,pending,2025-01-08
479,17,CanTho,760165.0,pending,2025-03-23
480,106,HoChiMinh,1742473.0,SHIPPING,2025-06-13
481,477,HoChiMinh,4730730.0,Completed,2025-06-13
482,99,HoChiMinh,4418522.0,Completed,2025-05-02
483,372,NgheAn,3647724.0,shipping,2025-07-10
484,473,DaNang,3641006.0,COMPLETED,
485,347,HaNoi,955064.0,pending,2025-06-14
486,63,DaNang,4738277.0,Shipping,2025-05-15
487,42,NgheAn,4612245.0,COMPLETED,2025-02-09
488,500,NgheAn,3209099.0,COMPLETED,2025-06-19
489,54,DaNang,1783974.0,Shipping,2025-08-24
490,434,CanTho,779557.0,SHIPPING,31/02/2025
491,241,NgheAn,2032636.0,pending,2025-10-27
492,27,DaNang,2035902.0,COMPLETED,2025-03-30
493,422,HoChiMinh,2149151.0,PENDING,2025-04-23
494,493,CanTho,953692.0,pending,2025-01-13
495,8,HoChiMinh,1339865.0,CANCELLED,2025-06-22
496,317,HaiPhong,1291234.0,Cancelled,2025-08-31
497,381,DaNang,4425240.0,completed,2025-03-15
498,298,HaiPhong,2955086.0,shipping,2025-10-04
499,132,DaNang,2368394.0,SHIPPING,2025-03-25
500,288,DaNang,1213831.0,Completed,2025-06-10
501,299,CanTho,1456013.0,Completed,2025-13-40
502,50,NgheAn,2818692.0,pending,2025-09-03
503,255,NgheAn,3330597.0,Shipping,2025-01-01
504,206,DaNang,2338166.0,Shipping,2025-10-19
505,47,DaNang,N/A,Shipping,2025-09-04
506,74,HaNoi,298884.0,Cancelled,2025-08-15
507,144,HaNoi,3999859.0,completed,2025-07-24
508,131,HoChiMinh,2798108.0,pending,2025-06-30
509,485,HaNoi,1488542.0,shipping,2025-03-19
510,431,NgheAn,3463540.0,CANCELLED,2025-04-21
511,229,DaNang,3997265.0,Completed,2025-05-07
512,365,DaNang,4082889.0,CANCELLED,2025-03-02
513,156,NgheAn,4783012.0,COMPLETED,2025-01-12
514,337,DaNang,4665881.0,Shipping,31/02/2025
515,330,HaNoi,4911808.0,COMPLETED,2025-05-13
516,447,CanTho,3071324.0,cancelled,2025-04-06
517,397,DaNang,2209119.0,Completed,2025-01-30
518,209,CanTho,4719955.0,Pending,2025-05-16
519,328,CanTho,243390.0,completed,2025-06-30
520,453,HoChiMinh,3285439.0,SHIPPING,2025-04-29
521,397,HaNoi,1614047.0,Completed,2025-08-09
522,140,NgheAn,3447096.0,COMPLETED,2025-05-17
523,483,HaNoi,4561984.0,cancelled,2025-01-28
524,149,HaiPhong,1699727.0,cancelled,31/02/2025
525,144,HoChiMinh,528541.0,SHIPPING,
526,362,HaiPhong,1286420.0,pending,2025-09-27
527,103,HaiPhong,1671135.0,CANCELLED,2025-08-11
528,36,DaNang,2658220.0,pending,2025-06-01
529,486,NgheAn,4604587.0,SHIPPING,2025-07-28
530,405,CanTho,2193273.0,PENDING,2025-08-08
531,352,CanTho,2127365.0,Cancelled,2025-10-05
532,7,,3842054.0,PENDING,2025-04-04
533,30,HaiPhong,,COMPLETED,2025-10-10
534,404,NgheAn,3544567.0,cancelled,2025-01-22
535,234,HaNoi,1009533.0,SHIPPING,2025-09-01
536,130,HaNoi,2350907.0,PENDING,2025-05-18
537,315,CanTho,2887224.0,completed,2025-09-13
538,382,HoChiMinh,3422512.0,Shipping,2025-05-03
539,316,CanTho,686424.0,Pending,2025-10-16
540,29,HaiPhong,1946646.0,shipping,2025-01-09
541,381,CanTho,1079377.0,Shipping,2025-02-24
542,126,NgheAn,4634331.0,Shipping,2025-06-11
543,327,HaNoi,1143680.0,cancelled,2025-01-12
544,444,NgheAn,4355295.0,Shipping,2025-07-24
545,99,DaNang,2269490.0,PENDING,2025-05-18
546,188,NgheAn,2204126.0,SHIPPING,2025-08-20
547,109,HaiPhong,3129070.0,pending,2025-06-05
548,46,CanTho,2300584.0,Shipping,2025-10-09
549,193,NgheAn,3717625.0,Shipping,2025-02-08
550,152,HoChiMinh,3284369.0,shipping,2025-04-19
551,116,,4900791.0,Pending,2025-10-28
552,175,HaiPhong,1755220.0,SHIPPING,2025-08-02
553,219,DaNang,1143473.0,Pending,2025-07-14
554,204,DaNang,345912.0,Completed,2025-08-11
555,299,HaNoi,379600.0,Completed,2025-07-20
556,365,NgheAn,2915633.0,Cancelled,2025-07-06
557,129,DaNang,4936023.0,Shipping,2025-03-22
558,70,HaiPhong,4754208.0,Cancelled,2025-09-18
559,141,HaiPhong,1668835.0,Cancelled,2025-09-11
560,473,NgheAn,1481255.0,Shipping,2025-09-07
561,413,CanTho,2328792.0,COMPLETED,2025-01-25
562,272,HaiPhong,4769703.0,Shipping,2025-01-12
563,181,CanTho,1536928.0,PENDING,2025-01-05
564,355,HoChiMinh,3541439.0,CANCELLED,2025-07-14
565,75,DaNang,2019183.0,Pending,
566,208,HoChiMinh,1072794.0,Cancelled,2025-05-08
567,14,HaNoi,3708032.0,Pending,2025-01-14
568,136,HaNoi,189046.0,SHIPPING,
569,420,DaNang,3511492.0,CANCELLED,2025-07-05
570,173,HoChiMinh,186842.0,Shipping,2025-06-10
571,470,,4935695.0,Cancelled,2025-09-16
572,115,HaiPhong,793608.0,Completed,2025-06-13
573,494,DaNang,4146944.0,shipping,2025-03-31
574,469,HaiPhong,3042810.0,completed,2025-07-01
575,179,HoChiMinh,1853162.0,CANCELLED,2025-09-03
576,118,CanTho,3844941.0,Pending,2025-02-02
577,349,HaiPhong,269028.0,PENDING,2025-06-15
578,181,CanTho,2117209.0,SHIPPING,2025-02-22
579,466,NgheAn,266738.0,Completed,2025-05-20
580,79,NgheAn,3908564.0,CANCELLED,2025-08-28
581,114,HaiPhong,1832000.0,pending,2025-05-08
582,128,DaNang,130340.0,cancelled,2025-01-08
583,159,CanTho,609205.0,completed,2025-03-30
584,434,HaNoi,990165.0,Shipping,2025-09-20
585,280,HaiPhong,1258701.0,Shipping,2025-09-14
586,419,CanTho,2369600.0,Cancelled,2025-05-16
587,271,HaiPhong,1516146.0,completed,2025-01-12
588,201,HaNoi,1463350.0,Pending,2025-08-22
589,98,DaNang,3735496.0,Shipping,2025-07-10
590,233,HaNoi,1171645.0,Shipping,2025-10-11
591,298,NgheAn,1272284.0,COMPLETED,2025-02-26
592,498,DaNang,1583675.0,Shipping,2025-10-12
593,442,DaNang,N/A,CANCELLED,2025-09-30
594,7,HoChiMinh,2265915.0,Shipping,2025-02-26
595,481,CanTho,389594.0,Pending,2025-03-30
596,382,HoChiMinh,3278927.0,SHIPPING,2025-08-17
597,416,DaNang,3621579.0,PENDING,2025-04-23
598,474,HoChiMinh,1702657.0,PENDING,2025-06-09
599,491,HaiPhong,1348176.0,Pending,2025-04-05
600,417,NgheAn,1751924.0,COMPLETED,2025-01-30
601,372,NgheAn,3714076.0,COMPLETED,2025-01-16
602,454,CanTho,1631916.0,cancelled,2025-04-05
603,59,HaiPhong,4336240.0,Pending,2025-01-23
604,156,CanTho,2106113.0,cancelled,2025-04-05
605,336,HaNoi,1388738.0,Completed,2025-05-23
606,103,NgheAn,973040.0,PENDING,2025-05-09
607,122,CanTho,4899735.0,Cancelled,2025-03-03
608,343,NgheAn,2492669.0,Shipping,2025-06-13
609,31,CanTho,654009.0,Shipping,2025-07-16
610,130,HaNoi,4915229.0,PENDING,2025-07-04
611,191,HaiPhong,4717349.0,cancelled,2025-03-17
612,330,HaiPhong,106255.0,COMPLETED,2025-09-14
613,337,NgheAn,2448208.0,completed,2025-04-08
614,22,HaNoi,1948510.0,PENDING,2025-04-08
615,116,CanTho,3817075.0,Shipping,2025-03-25
616,370,HaNoi,1420019.0,CANCELLED,2025-03-17
617,315,HaNoi,767726.0,PENDING,2025-07-15
618,366,,2983297.0,completed,2025-01-20
619,118,DaNang,-271263,COMPLETED,2025-08-19
620,103,HaNoi,4141070.0,COMPLETED,2025-03-28
621,406,CanTho,2862256.0,SHIPPING,2025-07-13
622,261,HaNoi,1571742.0,SHIPPING,2025-08-31
623,315,HaNoi,2142958.0,completed,2025-01-05
624,404,HaiPhong,N/A,shipping,2025-10-05
625,341,HoChiMinh,4626604.0,completed,2025-07-10
626,56,NgheAn,1519959.0,pending,2025-05-26
627,126,HaNoi,4332464.0,Completed,2025-07-21
628,175,DaNang,,Pending,31/02/2025
629,444,NgheAn,4494773.0,Cancelled,2025-10-23
630,296,DaNang,4803685.0,completed,2025-05-19
631,74,DaNang,494894.0,Shipping,2025-10-16
632,398,NgheAn,1434464.0,pending,2025-10-24
633,166,HaiPhong,2265181.0,SHIPPING,2025-05-18
634,439,HaNoi,2555429.0,CANCELLED,2025-07-07
635,311,HoChiMinh,2805744.0,CANCELLED,2025-07-14
636,174,NgheAn,3453739.0,PENDING,2025-01-01
637,322,DaNang,3206430.0,cancelled,2025-09-17
638,34,,3626963.0,completed,31/02/2025
639,439,CanTho,2831345.0,shipping,2025-06-12
640,124,DaNang,4578599.0,Shipping,2025-03-19
641,336,HoChiMinh,3442468.0,Completed,2025-03-24
642,216,CanTho,2883075.0,Completed,2025-04-10
643,346,DaNang,4670076.0,pending,2025-02-20
644,72,CanTho,2761694.0,Cancelled,2025-05-11
645,439,DaNang,2406354.0,PENDING,2025-01-14
646,52,HaNoi,2681156.0,COMPLETED,2025-03-24
647,66,HaNoi,3372515.0,CANCELLED,2025-07-10
648,374,DaNang,,Shipping,2025-10-26
649,28,NgheAn,3883171.0,cancelled,2025-08-16
650,325,CanTho,2234870.0,SHIPPING,2025-01-06
651,437,DaNang,826234.0,Shipping,2025-09-18
652,137,HaNoi,3426092.0,completed,2025-07-07
653,491,NgheAn,3061933.0,CANCELLED,2025-08-22
654,216,DaNang,4650695.0,Shipping,2025-09-05
655,350,CanTho,279456.0,CANCELLED,2025-03-02
656,205,HaiPhong,2248113.0,Pending,2025-03-19
657,292,CanTho,3829868.0,Pending,2025-04-28
658,228,NgheAn,1949899.0,cancelled,2025-07-08
659,467,HoChiMinh,2440546.0,PENDING,2025-03-28
660,68,HoChiMinh,2853854.0,COMPLETED,
661,80,HoChiMinh,3044966.0,cancelled,2025-04-04
662,27,DaNang,2152664.0,pending,2025-03-15
663,39,HaNoi,2376864.0,Pending,2025-06-20
664,462,HoChiMinh,2378519.0,Pending,2025-04-02
665,155,DaNang,2125109.0,SHIPPING,2025-02-07
666,81,CanTho,3633583.0,completed,2025-01-31
667,463,HaNoi,2598999.0,COMPLETED,2025-10-07
668,280,DaNang,2609096.0,COMPLETED,2025-10-10
669,448,,3388263.0,CANCELLED,2025-06-22
670,445,NgheAn,635235.0,completed,2025-02-02
671,49,HoChiMinh,2506668.0,COMPLETED,2025-08-04
672,330,CanTho,431625.0,CANCELLED,2025-07-08
673,116,HaiPhong,3528187.0,COMPLETED,2025-02-16
674,307,HaiPhong,3259328.0,shipping,2025-05-02
675,192,CanTho,1794900.0,CANCELLED,2025-13-40
676,181,HaiPhong,4225930.0,Cancelled,2025-03-20
677,198,NgheAn,1611080.0,pending,2025-07-16
678,52,HoChiMinh,3199310.0,Cancelled,2025-07-13
679,359,HoChiMinh,N/A,Pending,2025-05-11
680,251,HoChiMinh,3512445.0,PENDING,2025-06-30
681,483,HoChiMinh,1562146.0,cancelled,2025-05-23
682,246,HaNoi,4022694.0,Completed,2025-10-19
683,167,CanTho,2125663.0,COMPLETED,2025-03-03
684,43,NgheAn,2363497.0,PENDING,2025-08-21
685,250,DaNang,2133939.0,CANCELLED,2025-09-22
686,182,DaNang,660969.0,completed,2025-10-22
687,175,NgheAn,3298261.0,PENDING,2025-10-13
688,258,HaNoi,1530999.0,completed,2025-03-22
689,163,HaiPhong,3801740.0,cancelled,2025-02-10
690,331,HaNoi,3363371.0,SHIPPING,2025-06-10
691,81,HaiPhong,4116190.0,Shipping,2025-10-19
692,392,CanTho,4314839.0,PENDING,2025-01-25
693,493,DaNang,2353451.0,pending,2025-03-13
694,289,HaiPhong,562571.0,Cancelled,2025-06-19
695,172,CanTho,1922160.0,pending,2025-10-08
696,464,HoChiMinh,3257766.0,pending,2025-05-17
697,342,HaiPhong,2626703.0,COMPLETED,2025-06-18
698,105,CanTho,344330.0,SHIPPING,2025-05-12
699,239,HaNoi,2856671.0,Completed,2025-04-12
700,277,HaiPhong,4185163.0,SHIPPING,31/02/2025
701,195,NgheAn,931702.0,completed,2025-08-14
702,388,CanTho,1859342.0,Completed,2025-03-03
703,219,HoChiMinh,4221195.0,PENDING,2025-08-31
704,465,DaNang,3259436.0,PENDING,2025-05-26
705,369,HaiPhong,184978.0,cancelled,2025-08-22
706,398,DaNang,4859779.0,Shipping,2025-06-17
707,358,HoChiMinh,1965510.0,COMPLETED,2025-09-27
708,184,HaNoi,4195693.0,pending,2025-04-25
709,16,,614845.0,CANCELLED,2025-07-08
710,403,HoChiMinh,1715394.0,Pending,2025-07-15
711,95,HaNoi,3838368.0,CANCELLED,2025-08-16
712,119,,1923117.0,PENDING,2025-04-07
713,241,HaNoi,2470779.0,CANCELLED,2025-08-20
714,46,CanTho,4603983.0,pending,2025-02-02
715,308,DaNang,1042755.0,PENDING,2025-06-18
716,412,HoChiMinh,4523766.0,pending,2025-06-04
717,39,HaiPhong,4494322.0,CANCELLED,2025-02-14
718,444,HaiPhong,1464013.0,PENDING,2025-06-01
719,150,CanTho,402914.0,SHIPPING,2025-08-01
720,126,CanTho,2524420.0,cancelled,2025-04-27
721,397,HaNoi,2754112.0,cancelled,2025-05-19
722,205,HaiPhong,2307476.0,cancelled,2025-01-09
723,24,DaNang,1386350.0,shipping,2025-02-17
724,27,HaNoi,618838.0,cancelled,2025-03-22
725,16,CanTho,1833361.0,Pending,2025-01-15
726,228,,552147.0,COMPLETED,2025-08-03
727,403,HaiPhong,1961579.0,SHIPPING,2025-06-26
728,139,HaiPhong,3385940.0,Shipping,31/02/2025
729,237,HaiPhong,3011920.0,Pending,2025-10-02
730,466,HaNoi,86030.0,SHIPPING,2025-07-12
731,298,HoChiMinh,606814.0,CANCELLED,2025-09-08
732,325,DaNang,1161917.0,shipping,2025-06-18
733,376,CanTho,3561253.0,CANCELLED,2025-07-29
734,375,HaNoi,2423645.0,PENDING,2025-08-15
735,174,HoChiMinh,4676384.0,Pending,2025-07-15
736,64,CanTho,3377842.0,completed,2025-10-10
737,57,HoChiMinh,2599411.0,cancelled,2025-07-30
738,269,CanTho,4704020.0,Completed,2025-06-09
739,477,NgheAn,1030299.0,Completed,2025-05-06
740,468,NgheAn,3299544.0,Shipping,2025-06-28
741,151,DaNang,4665623.0,PENDING,2025-02-16
742,375,HaNoi,635873.0,COMPLETED,2025-05-05
743,42,DaNang,4858688.0,pending,2025-05-23
744,367,HaiPhong,-231952,SHIPPING,2025-06-29
745,261,DaNang,776308.0,Cancelled,2025-03-11
746,498,HoChiMinh,4752682.0,COMPLETED,2025-03-01
747,474,NgheAn,2855071.0,Shipping,2025-06-21
748,39,NgheAn,353473.0,pending,2025-07-21
749,375,CanTho,4280179.0,Pending,2025-08-17
750,103,NgheAn,1869589.0,Cancelled,2025-08-11
751,328,HaNoi,2338153.0,Shipping,2025-07-27
752,106,HoChiMinh,3593501.0,shipping,2025-13-40
753,81,HaNoi,729078.0,SHIPPING,2025-04-27
754,496,CanTho,3367092.0,Completed,2025-01-11
755,362,HaiPhong,3087623.0,Completed,2025-06-07
756,182,HaNoi,1776694.0,Cancelled,2025-02-06
757,28,NgheAn,3050760.0,Pending,2025-08-28
758,414,HaNoi,3026255.0,shipping,2025-01-08
759,309,NgheAn,1848569.0,Completed,2025-07-07
760,3,NgheAn,-113614,Cancelled,2025-09-09
761,304,HoChiMinh,2338350.0,Pending,2025-04-18
762,460,NgheAn,2792999.0,Shipping,2025-01-06
763,470,,1615762.0,Pending,2025-07-22
764,34,NgheAn,3733848.0,Pending,2025-06-06
765,381,HaNoi,2143654.0,Pending,2025-09-19
766,411,HaNoi,2903715.0,Cancelled,2025-04-11
767,155,HoChiMinh,1542982.0,CANCELLED,2025-09-26
768,459,NgheAn,4281056.0,cancelled,2025-09-08
769,314,DaNang,1779435.0,CANCELLED,2025-07-28
770,146,NgheAn,323526.0,completed,2025-07-13
771,67,HoChiMinh,4138523.0,Pending,2025-03-22
772,56,HaiPhong,715520.0,Shipping,2025-08-26
773,496,DaNang,1954679.0,CANCELLED,2025-08-14
774,36,,1129788.0,pending,2025-02-18
775,155,CanTho,4954677.0,shipping,2025-10-15
776,456,NgheAn,3021575.0,cancelled,2025-02-15
777,415,HaNoi,4746291.0,SHIPPING,2025-09-20
778,65,HoChiMinh,4233348.0,PENDING,2025-02-01
779,395,NgheAn,187911.0,shipping,2025-09-11
780,359,DaNang,70702.0,Pending,2025-09-27
781,240,NgheAn,3523001.0,pending,2025-04-01
782,169,NgheAn,2652783.0,completed,2025-09-21
783,142,DaNang,3867499.0,cancelled,2025-02-13
784,188,HoChiMinh,4819062.0,COMPLETED,2025-02-21
785,385,HaiPhong,858325.0,SHIPPING,2025-08-30
786,26,NgheAn,4779987.0,Cancelled,2025-07-19
787,152,DaNang,139512.0,COMPLETED,2025-04-24
788,435,HaNoi,N/A,completed,2025-10-25
789,189,HaiPhong,2685650.0,cancelled,2025-04-07
790,53,CanTho,299021.0,pending,2025-09-21
791,360,HoChiMinh,1260699.0,completed,2025-04-14
792,80,HaiPhong,2728344.0,SHIPPING,2025-04-21
793,27,DaNang,1511720.0,COMPLETED,2025-03-29
794,22,HaNoi,279346.0,CANCELLED,2025-07-02
795,486,CanTho,527448.0,Completed,2025-04-26
796,274,DaNang,541723.0,PENDING,2025-08-15
797,379,DaNang,2902517.0,SHIPPING,2025-05-05
798,422,DaNang,1909601.0,Pending,2025-10-11
799,124,NgheAn,1156592.0,SHIPPING,2025-09-06
800,102,HaNoi,2788633.0,shipping,2025-04-25
801,46,HaiPhong,2667745.0,cancelled,2025-01-26
802,27,NgheAn,4909568.0,Shipping,2025-07-19
803,121,HoChiMinh,4712216.0,pending,2025-08-19
804,107,HaNoi,463611.0,COMPLETED,2025-08-30
805,412,HaiPhong,4786668.0,shipping,
806,8,HoChiMinh,2989479.0,CANCELLED,2025-01-13
807,330,HaiPhong,2284749.0,Completed,2025-06-05
808,205,CanTho,-102696,Pending,2025-03-23
809,414,NgheAn,4153968.0,SHIPPING,2025-09-10
810,413,HoChiMinh,328680.0,cancelled,2025-04-14
811,392,CanTho,1483270.0,shipping,2025-13-40
812,221,DaNang,3103017.0,completed,2025-06-04
813,33,NgheAn,2698488.0,Completed,2025-10-19
814,188,CanTho,4098387.0,pending,2025-09-03
815,379,HaNoi,2233372.0,shipping,2025-09-16
816,29,HaNoi,3617476.0,SHIPPING,2025-08-23
817,71,HaNoi,586982.0,Pending,2025-08-06
818,55,HaNoi,3418225.0,pending,2025-10-11
819,421,DaNang,1768551.0,PENDING,2025-04-13
820,50,,1334372.0,Completed,2025-02-04
821,24,HoChiMinh,1072529.0,cancelled,2025-09-20
822,105,HoChiMinh,509176.0,pending,2025-01-15
823,424,CanTho,1787309.0,Completed,2025-01-08
824,176,HoChiMinh,N/A,Completed,2025-04-13
825,383,HaiPhong,1483242.0,Cancelled,2025-10-15
826,389,HoChiMinh,4464649.0,Cancelled,2025-04-19
827,178,HoChiMinh,1587106.0,pending,2025-01-20
828,59,HaNoi,545294.0,COMPLETED,2025-02-04
829,398,NgheAn,986204.0,completed,2025-05-20
830,454,HaNoi,4679458.0,Completed,2025-10-25
831,319,HoChiMinh,3039884.0,CANCELLED,2025-07-14
832,146,HoChiMinh,3341872.0,shipping,2025-04-26
833,125,DaNang,4240240.0,pending,2025-03-11
834,281,DaNang,2810581.0,Pending,2025-03-29
835,283,HaiPhong,2898657.0,completed,2025-03-05
836,160,HaNoi,2012512.0,CANCELLED,2025-10-22
837,475,CanTho,3485045.0,SHIPPING,2025-02-13
838,350,DaNang,3322819.0,COMPLETED,2025-04-10
839,92,HaiPhong,2382216.0,Completed,2025-09-03
840,73,DaNang,1115935.0,Shipping,2025-09-27
841,376,HaNoi,2766826.0,Cancelled,2025-05-18
842,394,HoChiMinh,3826021.0,cancelled,2025-07-10
843,253,NgheAn,4911316.0,completed,2025-03-16
844,254,HaiPhong,1953793.0,CANCELLED,2025-03-22
845,45,HaNoi,3924923.0,pending,2025-04-28
846,224,NgheAn,1839819.0,Shipping,2025-10-08
847,434,HaiPhong,3533134.0,CANCELLED,
848,220,CanTho,1988638.0,Shipping,2025-03-27
849,318,DaNang,4448247.0,CANCELLED,2025-01-14
850,91,NgheAn,,COMPLETED,2025-10-18
851,150,HaNoi,4888443.0,SHIPPING,2025-10-09
852,466,CanTho,4860552.0,Pending,2025-08-24
853,438,,4355336.0,cancelled,2025-05-27
854,59,HaiPhong,3971952.0,Shipping,2025-01-02
855,307,CanTho,1738892.0,CANCELLED,2025-05-19
856,264,HaiPhong,2463479.0,PENDING,2025-05-02
857,148,CanTho,1082712.0,completed,2025-04-29
858,119,CanTho,2357624.0,Cancelled,2025-13-40
859,327,CanTho,3551352.0,COMPLETED,2025-10-07
860,185,DaNang,2509008.0,Shipping,2025-08-12
861,132,HaiPhong,1998324.0,cancelled,2025-08-13
862,217,HaiPhong,2202242.0,Completed,2025-10-08
863,120,HoChiMinh,4939911.0,COMPLETED,2025-07-02
864,8,HaiPhong,3955036.0,pending,2025-01-16
865,475,CanTho,4812587.0,pending,2025-01-11
866,168,HaNoi,2395543.0,pending,2025-06-11
867,421,HaiPhong,4556317.0,Completed,2025-02-24
868,345,HaiPhong,1839271.0,completed,2025-07-10
869,370,HaNoi,1159866.0,shipping,2025-09-05
870,82,CanTho,2958414.0,shipping,2025-04-29
871,47,HaiPhong,1687689.0,COMPLETED,2025-04-06
872,204,NgheAn,3459375.0,PENDING,31/02/2025
873,301,DaNang,4982116.0,pending,2025-05-04
874,234,HoChiMinh,3728123.0,completed,2025-02-13
875,53,HaNoi,2735383.0,PENDING,2025-01-23
876,101,DaNang,2338068.0,shipping,31/02/2025
877,442,HaiPhong,1033073.0,completed,31/02/2025
878,385,CanTho,4300264.0,COMPLETED,2025-02-23
879,43,HaiPhong,1302266.0,COMPLETED,2025-10-15
880,4,DaNang,N/A,Shipping,2025-08-20
881,6,CanTho,2055386.0,shipping,2025-03-05
882,396,DaNang,2649380.0,shipping,2025-02-05
883,183,CanTho,-450605,completed,2025-01-04
884,154,HaiPhong,1305219.0,completed,2025-10-26
885,207,HaNoi,2182316.0,completed,2025-09-24
886,351,HaiPhong,2777934.0,Shipping,2025-07-08
887,54,CanTho,N/A,Shipping,2025-05-10
888,220,HaiPhong,822150.0,SHIPPING,2025-07-01
889,323,HaNoi,,SHIPPING,31/02/2025
890,70,HaiPhong,3836152.0,Cancelled,2025-01-07
891,254,NgheAn,3844738.0,COMPLETED,2025-10-08
892,35,CanTho,3847753.0,COMPLETED,2025-09-16
893,120,,2649692.0,Pending,2025-04-05
894,95,HoChiMinh,2645944.0,PENDING,2025-05-28
895,306,,2914463.0,shipping,2025-10-16
896,246,,4407898.0,Shipping,2025-07-07
897,43,NgheAn,393269.0,Completed,2025-02-22
898,148,HoChiMinh,3055568.0,completed,2025-08-12
899,220,HoChiMinh,4434429.0,completed,2025-01-04
900,164,CanTho,379811.0,Cancelled,2025-08-18
901,295,NgheAn,4860202.0,Pending,2025-10-27
902,230,NgheAn,1603708.0,Shipping,2025-05-26
903,425,DaNang,,SHIPPING,2025-10-13
904,220,DaNang,3279686.0,cancelled,2025-05-23
905,276,HoChiMinh,3986072.0,PENDING,2025-05-24
906,336,HoChiMinh,4697250.0,pending,2025-06-27
907,345,HaiPhong,3790768.0,Completed,2025-02-18
908,116,CanTho,3335489.0,Cancelled,31/02/2025
909,477,HoChiMinh,4920954.0,shipping,2025-01-31
910,309,HaiPhong,3626248.0,shipping,2025-07-14
911,292,HaiPhong,3757973.0,Completed,2025-05-30
912,33,HaiPhong,280410.0,Cancelled,2025-09-11
913,484,DaNang,4351501.0,SHIPPING,2025-04-16
914,266,NgheAn,1372798.0,Completed,2025-10-10
915,298,CanTho,N/A,completed,2025-01-23
916,298,CanTho,994536.0,Completed,2025-05-10
917,200,,4112923.0,Shipping,2025-07-26
918,72,HaiPhong,1466658.0,Cancelled,2025-06-17
919,461,DaNang,3431036.0,COMPLETED,2025-08-10
920,92,HaNoi,1957767.0,PENDING,2025-06-04
921,194,HoChiMinh,-146904,cancelled,2025-07-05
922,81,CanTho,1355504.0,pending,2025-07-01
923,91,CanTho,4212720.0,COMPLETED,2025-09-11
924,468,CanTho,2984882.0,shipping,2025-03-28
925,36,HaNoi,2029869.0,Cancelled,2025-06-17
926,185,HaNoi,98536.0,SHIPPING,2025-08-05
927,372,HaNoi,1213780.0,PENDING,2025-06-13
928,316,HoChiMinh,1251483.0,Shipping,2025-08-18
929,271,DaNang,1251926.0,cancelled,
930,274,NgheAn,4120855.0,pending,2025-09-11
931,366,,3155440.0,Pending,2025-01-26
932,193,DaNang,1470093.0,COMPLETED,2025-08-03
933,59,DaNang,3787241.0,Pending,2025-09-26
934,471,HoChiMinh,443067.0,Pending,2025-09-06
935,72,NgheAn,2210599.0,SHIPPING,2025-06-02
936,264,HaiPhong,187136.0,cancelled,2025-05-25
937,421,HaNoi,3290418.0,SHIPPING,2025-02-24
938,271,HaiPhong,,Completed,2025-02-08
939,434,DaNang,3677437.0,Shipping,2025-03-11
940,308,HoChiMinh,4695526.0,SHIPPING,2025-03-29
941,234,CanTho,N/A,PENDING,2025-05-31
942,408,CanTho,1238114.0,shipping,2025-05-27
943,162,HaiPhong,2363856.0,CANCELLED,2025-07-20
944,188,HaNoi,2744137.0,pending,2025-06-05
945,482,HaNoi,3988104.0,Pending,2025-08-12
946,322,CanTho,2274588.0,Pending,2025-06-25
947,346,HoChiMinh,1202502.0,shipping,2025-08-08
948,429,HaNoi,4877503.0,Completed,2025-03-27
949,497,HaiPhong,3865605.0,Cancelled,2025-09-21
950,496,NgheAn,3787128.0,shipping,2025-07-22
951,231,HaNoi,4503674.0,SHIPPING,2025-05-19
952,359,NgheAn,3096738.0,COMPLETED,2025-13-40
953,234,HaNoi,1474086.0,Pending,2025-09-09
954,25,CanTho,4565383.0,completed,2025-04-12
955,256,HaiPhong,3273097.0,Pending,2025-07-19
956,93,CanTho,902762.0,PENDING,2025-09-18
957,108,HoChiMinh,972409.0,shipping,2025-09-10
958,86,DaNang,3348525.0,Pending,2025-01-31
959,129,NgheAn,4640353.0,shipping,2025-03-15
960,333,HaiPhong,4788221.0,Shipping,2025-06-07
961,146,NgheAn,629175.0,Pending,2025-01-29
962,382,DaNang,3201309.0,COMPLETED,2025-04-03
963,39,DaNang,1939627.0,Pending,2025-01-20
964,63,NgheAn,3855932.0,completed,2025-02-11
965,443,CanTho,98577.0,completed,2025-09-04
966,89,DaNang,1907651.0,Pending,2025-03-24
967,115,CanTho,2313038.0,CANCELLED,2025-02-09
968,41,DaNang,,Pending,2025-02-13
969,384,NgheAn,4884426.0,Shipping,2025-08-28
970,237,CanTho,2958687.0,SHIPPING,2025-06-21
971,482,HoChiMinh,4397594.0,cancelled,2025-09-11
972,178,HaNoi,-108732,Cancelled,2025-08-25
973,492,NgheAn,4786602.0,COMPLETED,2025-08-13
974,437,DaNang,2782719.0,Cancelled,2025-05-28
975,165,HaNoi,4786314.0,COMPLETED,2025-05-24
976,13,DaNang,1827934.0,SHIPPING,2025-01-08
977,224,HaNoi,2733969.0,completed,2025-10-04
978,37,CanTho,1557078.0,Shipping,2025-02-14
979,115,HaiPhong,1351211.0,Completed,2025-09-05
980,246,HaiPhong,1328805.0,CANCELLED,2025-08-11
981,382,HoChiMinh,3080014.0,Shipping,2025-09-29
982,392,DaNang,1369371.0,cancelled,2025-01-03
983,321,HoChiMinh,3383007.0,COMPLETED,2025-02-18
984,488,CanTho,1636402.0,shipping,2025-07-11
985,27,HoChiMinh,1525498.0,pending,2025-06-15
986,5,CanTho,3884746.0,cancelled,2025-10-13
987,232,HaNoi,3254140.0,cancelled,2025-01-30
988,13,DaNang,3163342.0,Pending,2025-02-10
989,377,HaNoi,1816754.0,SHIPPING,2025-09-29
990,150,HaNoi,2853032.0,PENDING,2025-09-02
991,88,HaiPhong,1992958.0,Completed,2025-13-40
992,205,DaNang,643365.0,pending,2025-03-01
993,53,CanTho,2995202.0,SHIPPING,2025-05-02
994,300,HoChiMinh,3948763.0,SHIPPING,2025-06-29
995,287,NgheAn,4102972.0,CANCELLED,2025-09-03
996,39,HaNoi,337862.0,Shipping,2025-06-30
997,302,HaiPhong,2319401.0,SHIPPING,2025-07-17
998,8,NgheAn,732994.0,CANCELLED,2025-06-11
999,261,NgheAn,3892373.0,completed,2025-10-26
1000,202,NgheAn,762168.0,pending,2025-08-18
1001,205,DaNang,1144438.0,PENDING,2025-08-09
1002,211,HaNoi,2442540.0,SHIPPING,2025-04-06
1003,470,HaiPhong,2891169.0,Cancelled,2025-03-15
1004,1,HaiPhong,2734137.0,COMPLETED,2025-01-15
1005,68,DaNang,3098597.0,completed,2025-10-15
1006,321,DaNang,2452711.0,completed,2025-05-03
1007,131,HaNoi,477267.0,Cancelled,2025-08-28
1008,449,HoChiMinh,4831541.0,CANCELLED,2025-08-20
1009,320,HaiPhong,2164589.0,pending,2025-07-16
1010,93,DaNang,135683.0,PENDING,2025-09-03
1011,230,HaiPhong,3679075.0,shipping,2025-04-29
1012,240,HoChiMinh,4579317.0,shipping,2025-06-30
1013,175,HaNoi,1789158.0,CANCELLED,2025-03-07
1014,89,CanTho,3604469.0,SHIPPING,2025-05-30
1015,129,CanTho,4548566.0,SHIPPING,2025-09-26
1016,372,DaNang,3468495.0,Shipping,2025-01-06
1017,471,HaiPhong,4709244.0,Shipping,2025-07-07
1018,154,HoChiMinh,2907449.0,COMPLETED,
1019,114,NgheAn,60058.0,Cancelled,2025-09-11
1020,107,HoChiMinh,1764831.0,shipping,2025-08-29
1021,477,NgheAn,2728611.0,Shipping,2025-02-17
1022,227,HaiPhong,1345684.0,Completed,2025-09-17
1023,355,CanTho,4035861.0,CANCELLED,2025-08-30
1024,472,HaNoi,1917244.0,COMPLETED,2025-04-29
1025,304,HoChiMinh,2955104.0,SHIPPING,2025-04-24
1026,458,NgheAn,-341835,PENDING,2025-01-30
1027,315,HaNoi,1566434.0,shipping,2025-09-15
1028,464,HoChiMinh,4222345.0,Completed,2025-02-18
1029,157,NgheAn,1537122.0,Cancelled,2025-05-24
1030,488,HoChiMinh,3075829.0,cancelled,2025-10-20
1031,190,HoChiMinh,3443371.0,PENDING,2025-07-17
1032,418,HoChiMinh,4902082.0,Pending,2025-01-18
1033,185,HaNoi,3883000.0,PENDING,2025-09-30
1034,377,DaNang,353693.0,completed,2025-09-17
1035,43,NgheAn,4974666.0,Completed,2025-04-07
1036,19,,306623.0,Cancelled,2025-10-03
1037,103,HaNoi,4394603.0,Cancelled,2025-02-16
1038,32,DaNang,2894183.0,completed,2025-06-20
1039,300,HaNoi,4770384.0,Pending,2025-02-04
1040,325,HaiPhong,982133.0,Completed,2025-07-06
1041,386,HaiPhong,1182019.0,Completed,2025-03-12
1042,109,HaNoi,3249803.0,COMPLETED,2025-07-02
1043,215,HaiPhong,,COMPLETED,2025-05-18
1044,243,HaNoi,4970790.0,Pending,2025-03-02
1045,207,HoChiMinh,-174873,Pending,2025-09-28
1046,145,CanTho,1709357.0,Shipping,
1047,180,HaiPhong,257082.0,COMPLETED,2025-07-08
1048,15,HoChiMinh,4190261.0,cancelled,2025-09-04
1049,225,HaiPhong,2928697.0,completed,2025-04-21
1050,131,CanTho,467159.0,Shipping,2025-05-10
1051,233,HoChiMinh,185552.0,CANCELLED,2025-05-29
1052,15,HoChiMinh,250316.0,Cancelled,2025-07-16
1053,122,DaNang,707626.0,COMPLETED,2025-01-06
1054,97,HaNoi,1930068.0,Cancelled,2025-09-18
1055,92,HaNoi,4682078.0,PENDING,
1056,94,CanTho,1784444.0,CANCELLED,2025-06-14
1057,66,HaNoi,344265.0,completed,2025-06-13
1058,312,DaNang,1614096.0,pending,2025-08-14
1059,385,HoChiMinh,3695176.0,PENDING,2025-06-12
1060,182,HaNoi,2050438.0,Completed,2025-01-25
1061,57,CanTho,1248648.0,CANCELLED,2025-09-26
1062,8,HaiPhong,3304911.0,PENDING,2025-04-17
1063,408,NgheAn,4969473.0,Cancelled,2025-01-12
1064,349,DaNang,2516958.0,Cancelled,2025-10-04
1065,46,HaiPhong,916866.0,pending,2025-05-08
1066,179,NgheAn,-56622,Cancelled,2025-01-25
1067,325,HaNoi,355149.0,shipping,2025-03-09
1068,135,DaNang,4808161.0,pending,2025-08-07
1069,319,HoChiMinh,3736587.0,Shipping,2025-06-22
1070,209,CanTho,442402.0,Cancelled,2025-09-29
1071,469,DaNang,4422283.0,completed,2025-10-28
1072,67,CanTho,3615413.0,cancelled,2025-08-17
1073,291,HaiPhong,1884316.0,Shipping,2025-06-10
1074,188,HoChiMinh,3543069.0,Pending,
1075,112,HoChiMinh,3915013.0,PENDING,2025-06-02
1076,366,DaNang,3627532.0,SHIPPING,2025-03-03
1077,363,CanTho,4424921.0,shipping,2025-02-17
1078,100,HoChiMinh,3234505.0,SHIPPING,2025-05-30
1079,358,HaiPhong,3698922.0,completed,2025-07-24
1080,47,NgheAn,3776836.0,SHIPPING,2025-13-40
1081,468,HoChiMinh,4453693.0,CANCELLED,2025-05-05
1082,24,HaiPhong,4743697.0,completed,2025-07-02
1083,325,HoChiMinh,292014.0,SHIPPING,2025-08-15
1084,353,DaNang,1273885.0,SHIPPING,2025-09-17
1085,135,HaiPhong,2310715.0,Pending,2025-04-29
1086,407,DaNang,3577892.0,CANCELLED,2025-08-10
1087,259,HaNoi,3586295.0,Cancelled,2025-01-28
1088,176,NgheAn,556698.0,completed,2025-09-27
1089,163,HoChiMinh,3255407.0,Shipping,2025-08-26
1090,200,HaiPhong,3123715.0,CANCELLED,2025-10-11
1091,119,,3868681.0,PENDING,2025-08-28
1092,302,HaiPhong,469327.0,Cancelled,2025-07-15
1093,201,HaiPhong,4450876.0,Cancelled,2025-06-25
1094,492,DaNang,3167174.0,PENDING,2025-07-04
1095,467,NgheAn,2664762.0,PENDING,2025-04-16
1096,85,DaNang,4607322.0,completed,2025-04-04
1097,76,DaNang,3016645.0,Completed,2025-07-07
1098,336,HaNoi,217249.0,Pending,2025-07-04
1099,268,CanTho,2444657.0,Cancelled,2025-03-05
1100,320,DaNang,4211729.0,shipping,2025-05-21
1101,470,HoChiMinh,629632.0,CANCELLED,2025-09-10
1102,260,CanTho,1071876.0,Completed,2025-07-27
1103,262,HaNoi,4156915.0,Pending,2025-01-17
1104,234,HaNoi,434632.0,pending,2025-09-01
1105,275,HaNoi,4752360.0,PENDING,2025-01-04
1106,329,HoChiMinh,126760.0,COMPLETED,2025-05-06
1107,77,CanTho,451153.0,Shipping,2025-06-12
1108,287,DaNang,2143288.0,Pending,2025-01-18
1109,294,CanTho,2264692.0,PENDING,2025-04-25
1110,446,NgheAn,4673974.0,cancelled,2025-09-01
1111,388,HoChiMinh,2187718.0,pending,2025-02-13
1112,435,HaNoi,3218033.0,PENDING,2025-06-13
1113,106,HoChiMinh,4554154.0,Completed,2025-01-22
1114,59,DaNang,4954547.0,Shipping,2025-08-04
1115,447,HaiPhong,3530578.0,Shipping,2025-09-24
1116,35,DaNang,988249.0,COMPLETED,2025-05-06
1117,436,DaNang,4971957.0,Completed,2025-03-21
1118,192,HaiPhong,2500109.0,completed,2025-04-21
1119,331,HaNoi,2771089.0,pending,
1120,469,HaNoi,4012231.0,Shipping,2025-07-30
1121,474,,4157082.0,Cancelled,2025-01-18
1122,30,HaNoi,1641408.0,Cancelled,2025-02-01
1123,303,NgheAn,4203555.0,SHIPPING,2025-10-13
1124,253,DaNang,381236.0,pending,2025-03-25
1125,15,HoChiMinh,2381769.0,pending,2025-01-12
1126,59,CanTho,3513861.0,PENDING,2025-05-03
1127,295,DaNang,522471.0,shipping,2025-13-40
1128,320,CanTho,2347312.0,shipping,2025-10-12
1129,163,CanTho,1006519.0,SHIPPING,2025-07-19
1130,71,HaNoi,3041136.0,CANCELLED,2025-07-18
1131,245,CanTho,2534529.0,CANCELLED,2025-07-19
1132,488,HaiPhong,2170011.0,Completed,2025-04-17
1133,349,HaiPhong,1318410.0,completed,2025-01-15
1134,493,CanTho,4825484.0,cancelled,2025-05-31
1135,401,HoChiMinh,677392.0,Completed,31/02/2025
1136,191,CanTho,187540.0,pending,2025-07-24
1137,395,CanTho,497957.0,shipping,2025-09-30
1138,174,HoChiMinh,2545405.0,shipping,2025-07-29
1139,129,HaiPhong,2503640.0,PENDING,2025-04-15
1140,129,HaiPhong,4824337.0,completed,2025-10-02
1141,380,NgheAn,610050.0,Cancelled,2025-03-11
1142,374,CanTho,2094953.0,Completed,2025-07-14
1143,3,DaNang,2553982.0,Pending,2025-10-07
1144,295,HaNoi,1647778.0,cancelled,2025-09-10
1145,295,HoChiMinh,1883604.0,shipping,2025-13-40
1146,384,NgheAn,1749200.0,Cancelled,2025-04-26
1147,216,HaiPhong,3072844.0,Pending,2025-07-21
1148,262,NgheAn,2242599.0,CANCELLED,2025-02-08
1149,427,DaNang,2976035.0,Completed,2025-06-10
1150,214,DaNang,1832735.0,Completed,2025-09-12
1151,382,,2694916.0,shipping,2025-09-16
1152,206,DaNang,1966731.0,cancelled,2025-08-15
1153,367,NgheAn,2571868.0,PENDING,2025-09-30
1154,144,CanTho,1524990.0,PENDING,2025-10-10
1155,130,HoChiMinh,3822379.0,cancelled,2025-10-17
1156,191,NgheAn,3819890.0,Pending,2025-10-01
1157,201,CanTho,1073161.0,Shipping,2025-02-14
1158,386,HaiPhong,3254156.0,Pending,2025-02-03
1159,268,HoChiMinh,1765606.0,Completed,2025-08-13
1160,92,,-226463,Cancelled,2025-09-19
1161,243,NgheAn,4145891.0,Shipping,2025-10-22
1162,241,DaNang,454227.0,CANCELLED,2025-09-07
1163,232,HaNoi,2764311.0,PENDING,2025-05-29
1164,240,HaiPhong,1295277.0,COMPLETED,2025-06-29
1165,325,HaiPhong,2370291.0,CANCELLED,2025-06-25
1166,421,NgheAn,274704.0,shipping,2025-10-24
1167,335,,375223.0,Pending,2025-10-20
1168,273,HoChiMinh,3196423.0,CANCELLED,2025-08-13
1169,391,HaNoi,1879762.0,completed,2025-07-19
1170,20,DaNang,N/A,CANCELLED,2025-07-05
1171,433,CanTho,2398422.0,completed,2025-01-07
1172,241,HaNoi,637045.0,completed,2025-09-23
1173,473,HaiPhong,2292881.0,Completed,2025-03-05
1174,110,NgheAn,4147423.0,pending,2025-06-05
1175,467,CanTho,1547810.0,COMPLETED,2025-10-27
1176,281,HaNoi,1071976.0,COMPLETED,2025-08-09
1177,496,HaiPhong,193277.0,SHIPPING,2025-08-23
1178,138,DaNang,4353762.0,shipping,2025-06-03
1179,35,HaiPhong,4196281.0,Shipping,2025-04-13
1180,254,DaNang,3557180.0,completed,2025-03-07
1181,265,NgheAn,4229608.0,pending,2025-08-17
1182,457,HoChiMinh,1381840.0,Completed,2025-01-20
1183,482,DaNang,556050.0,shipping,2025-10-09
1184,383,HoChiMinh,2340379.0,cancelled,2025-04-12
1185,371,DaNang,635727.0,shipping,2025-09-16
1186,274,NgheAn,1981023.0,cancelled,
1187,386,HaNoi,2955653.0,pending,2025-08-22
1188,197,CanTho,135421.0,completed,2025-06-30
1189,55,HaNoi,1801429.0,completed,2025-02-05
1190,453,,4315780.0,COMPLETED,2025-04-28
1191,377,HaiPhong,,Cancelled,2025-13-40
1192,337,NgheAn,3410845.0,Shipping,2025-10-22
1193,243,HaiPhong,1410204.0,CANCELLED,2025-06-19
1194,386,DaNang,4398327.0,COMPLETED,2025-01-06
1195,34,HoChiMinh,2773748.0,Pending,2025-04-22
1196,260,NgheAn,3846244.0,shipping,2025-10-18
1197,252,HaiPhong,2585671.0,shipping,2025-09-18
1198,52,DaNang,4808308.0,PENDING,2025-09-24
1199,3,HaiPhong,4527651.0,shipping,2025-03-03
1200,248,HoChiMinh,4353434.0,cancelled,2025-10-07
1201,173,CanTho,3970386.0,Pending,2025-10-01
1202,250,CanTho,4484374.0,pending,2025-08-16
1203,391,HaNoi,3997580.0,cancelled,2025-01-14
1204,197,HaNoi,3237543.0,cancelled,2025-05-20
1205,391,DaNang,1555211.0,Cancelled,2025-01-17
1206,472,HaiPhong,4067293.0,PENDING,2025-01-29
1207,95,NgheAn,2588694.0,completed,2025-07-04
1208,62,,4238670.0,Cancelled,2025-04-23
1209,132,HaiPhong,4376504.0,Pending,2025-04-26
1210,246,HaiPhong,3264336.0,SHIPPING,2025-07-27
1211,275,HaiPhong,1345535.0,Shipping,2025-02-06
1212,194,NgheAn,4128005.0,Pending,2025-04-03
1213,377,NgheAn,4613579.0,pending,2025-03-18
1214,56,CanTho,3631252.0,Completed,2025-04-18
1215,385,NgheAn,1111658.0,SHIPPING,31/02/2025
1216,413,DaNang,4934816.0,SHIPPING,2025-07-22
1217,381,HaiPhong,61478.0,Pending,2025-02-19
1218,481,HaiPhong,3829330.0,CANCELLED,2025-03-02
1219,287,HaNoi,4000428.0,Completed,2025-03-05
1220,439,DaNang,3268581.0,SHIPPING,2025-10-28
1221,179,HaiPhong,N/A,completed,
1222,423,CanTho,239885.0,completed,2025-10-07
1223,320,HaNoi,2807877.0,COMPLETED,2025-06-25
1224,304,HaNoi,1601700.0,CANCELLED,2025-03-08
1225,86,CanTho,1049494.0,shipping,2025-13-40
1226,69,HaiPhong,3708564.0,Shipping,2025-10-23
1227,206,HaiPhong,2182396.0,Cancelled,2025-09-22
1228,402,DaNang,456100.0,shipping,2025-05-17
1229,20,HaiPhong,4078817.0,completed,2025-01-09
1230,195,HaNoi,3449377.0,pending,2025-02-18
1231,30,DaNang,3072564.0,CANCELLED,2025-03-20
1232,183,NgheAn,4347648.0,Pending,2025-03-08
1233,262,NgheAn,3857658.0,pending,2025-08-23
1234,176,HaiPhong,1055173.0,cancelled,2025-05-09
1235,135,NgheAn,2536042.0,shipping,2025-10-01
1236,213,NgheAn,872627.0,Completed,2025-07-14
1237,254,HaNoi,3756700.0,cancelled,2025-07-28
1238,23,NgheAn,3497402.0,completed,2025-07-28
1239,260,NgheAn,3862371.0,Completed,2025-01-17
1240,248,DaNang,2079539.0,PENDING,2025-09-25
1241,301,HoChiMinh,1652064.0,SHIPPING,2025-01-07
1242,298,DaNang,2888907.0,Cancelled,2025-10-24
1243,148,NgheAn,3603389.0,completed,2025-01-15
1244,357,HaNoi,926727.0,completed,2025-03-24
1245,80,HaNoi,2533840.0,Shipping,2025-04-26
1246,62,CanTho,1373096.0,SHIPPING,2025-10-25
1247,13,DaNang,982857.0,shipping,2025-07-12
1248,92,DaNang,3983186.0,SHIPPING,2025-07-27
1249,432,DaNang,628634.0,Pending,2025-05-02
1250,483,CanTho,3124573.0,Completed,2025-07-02
1251,413,NgheAn,944601.0,CANCELLED,2025-05-14
1252,342,CanTho,3700844.0,PENDING,2025-05-25
1253,11,DaNang,1095706.0,PENDING,2025-05-05
1254,192,HaiPhong,4412916.0,Cancelled,2025-04-16
1255,267,HaNoi,708678.0,Completed,2025-10-26
1256,161,NgheAn,4698182.0,cancelled,2025-03-01
1257,377,HoChiMinh,1845833.0,Shipping,2025-05-10
1258,82,NgheAn,-76256,Cancelled,2025-09-18
1259,371,DaNang,4757837.0,pending,2025-10-16
1260,228,HaiPhong,2564067.0,Cancelled,2025-10-14
1261,182,HoChiMinh,-106978,Completed,2025-10-02
1262,60,NgheAn,1639013.0,PENDING,2025-06-20
1263,169,CanTho,1375373.0,PENDING,2025-07-12
1264,306,CanTho,703937.0,CANCELLED,2025-03-18
1265,488,NgheAn,2274208.0,CANCELLED,2025-08-11
1266,186,DaNang,4017980.0,SHIPPING,2025-04-01
1267,117,HoChiMinh,2634249.0,Completed,2025-01-25
1268,354,HaNoi,3950803.0,Cancelled,2025-02-09
1269,468,HaNoi,4140303.0,COMPLETED,2025-03-17
1270,25,CanTho,1535601.0,SHIPPING,2025-07-14
1271,119,HaiPhong,4427398.0,Cancelled,2025-04-20
1272,259,HoChiMinh,471566.0,PENDING,2025-02-04
1273,66,HaNoi,,completed,2025-06-01
1274,97,CanTho,407397.0,cancelled,2025-09-03
1275,80,,4389025.0,Pending,2025-09-06
1276,437,HaiPhong,3185366.0,shipping,2025-09-19
1277,258,CanTho,4885217.0,Completed,2025-07-23
1278,493,NgheAn,1028309.0,COMPLETED,2025-03-27
1279,432,HaNoi,4386584.0,Shipping,2025-01-11
1280,160,HoChiMinh,416288.0,completed,2025-04-08
1281,415,DaNang,2832609.0,cancelled,2025-06-23
1282,351,CanTho,872352.0,COMPLETED,2025-07-06
1283,126,NgheAn,4678424.0,SHIPPING,2025-13-40
1284,203,HaiPhong,4894999.0,completed,2025-04-12
1285,229,CanTho,2149638.0,Pending,2025-05-15
1286,239,HaiPhong,240627.0,COMPLETED,2025-04-01
1287,153,NgheAn,4469385.0,Cancelled,2025-06-11
1288,198,HaiPhong,1435370.0,COMPLETED,2025-07-24
1289,341,HoChiMinh,2053928.0,pending,2025-02-05
1290,210,,1812790.0,COMPLETED,2025-06-27
1291,324,HoChiMinh,4312834.0,PENDING,2025-01-03
1292,404,HaiPhong,4936002.0,PENDING,
1293,280,HoChiMinh,4406760.0,PENDING,
1294,477,CanTho,1952788.0,PENDING,2025-02-02
1295,270,DaNang,579929.0,Cancelled,2025-04-13
1296,454,HaNoi,4610166.0,cancelled,2025-04-18
1297,416,CanTho,4829952.0,COMPLETED,2025-07-27
1298,108,DaNang,2824469.0,Cancelled,2025-02-19
1299,255,HaNoi,1856239.0,Shipping,2025-03-30
1300,322,NgheAn,3099938.0,SHIPPING,2025-08-26
1301,84,DaNang,4952882.0,cancelled,2025-09-30
1302,331,NgheAn,3347188.0,cancelled,2025-08-24
1303,18,NgheAn,277108.0,SHIPPING,2025-03-08
1304,94,HaiPhong,4154963.0,Pending,
1305,182,CanTho,3414699.0,SHIPPING,2025-05-13
1306,223,NgheAn,910186.0,COMPLETED,2025-08-11
1307,242,HoChiMinh,2844804.0,COMPLETED,2025-09-26
1308,494,NgheAn,4313885.0,Pending,2025-05-19
1309,434,HaNoi,1409874.0,Completed,2025-04-01
1310,119,HaNoi,3607093.0,completed,2025-05-12
1311,261,HoChiMinh,N/A,pending,2025-08-12
1312,304,HoChiMinh,1066861.0,COMPLETED,2025-05-19
1313,175,HaiPhong,-277283,completed,2025-05-08
1314,24,HaiPhong,1192866.0,pending,2025-06-13
1315,376,HaNoi,1679830.0,shipping,2025-05-14
1316,154,CanTho,2228140.0,completed,2025-06-11
1317,243,DaNang,1194193.0,SHIPPING,2025-01-20
1318,273,DaNang,4847321.0,cancelled,2025-02-08
1319,282,HoChiMinh,3825825.0,Pending,2025-10-21
1320,9,HoChiMinh,2404960.0,Cancelled,2025-06-15
1321,91,HoChiMinh,1985962.0,Completed,2025-04-03
1322,138,CanTho,2213991.0,pending,2025-01-11
1323,330,NgheAn,195957.0,PENDING,2025-05-28
1324,463,NgheAn,2784142.0,Cancelled,2025-07-11
1325,342,HaiPhong,1649028.0,Pending,2025-03-18
1326,397,CanTho,4154799.0,completed,2025-01-05
1327,367,DaNang,367244.0,pending,2025-02-26
1328,23,HaiPhong,1230865.0,CANCELLED,2025-08-16
1329,10,HoChiMinh,1777051.0,pending,2025-05-12
1330,138,HoChiMinh,2337935.0,COMPLETED,2025-02-26
1331,257,HaNoi,1137081.0,CANCELLED,2025-06-14
1332,411,NgheAn,137582.0,SHIPPING,2025-03-04
1333,264,HoChiMinh,3801623.0,Cancelled,2025-03-19
1334,445,CanTho,2333850.0,Completed,2025-04-15
1335,453,NgheAn,865614.0,cancelled,2025-04-15
1336,327,CanTho,997843.0,cancelled,2025-04-03
1337,401,HaNoi,461164.0,Completed,2025-04-27
1338,431,CanTho,3548390.0,CANCELLED,2025-09-24
1339,333,HaiPhong,4397579.0,shipping,2025-04-30
1340,137,HaNoi,2065901.0,completed,2025-06-14
1341,428,,4943611.0,Completed,2025-06-21
1342,205,DaNang,3613076.0,Cancelled,2025-08-19
1343,200,HaiPhong,428350.0,Shipping,2025-04-01
1344,93,DaNang,153683.0,SHIPPING,2025-01-23
1345,418,HoChiMinh,541269.0,cancelled,2025-07-31
1346,108,HoChiMinh,168121.0,SHIPPING,2025-09-10
1347,5,HaiPhong,4745107.0,shipping,2025-10-10
1348,443,HoChiMinh,2322260.0,completed,2025-03-09
1349,241,HoChiMinh,2425227.0,Completed,2025-04-06
1350,22,HaiPhong,597529.0,cancelled,2025-09-27
1351,36,NgheAn,2288603.0,pending,2025-03-14
1352,67,CanTho,264857.0,pending,2025-06-08
1353,148,CanTho,-244489,shipping,2025-08-22
1354,277,HaiPhong,4967471.0,Cancelled,2025-02-04
1355,90,DaNang,4487005.0,SHIPPING,2025-08-03
1356,254,HoChiMinh,3227506.0,Pending,2025-01-29
1357,220,NgheAn,2500553.0,CANCELLED,2025-09-11
1358,145,CanTho,2278976.0,shipping,2025-06-06
1359,335,HoChiMinh,2474978.0,SHIPPING,2025-02-05
1360,136,HoChiMinh,4484254.0,CANCELLED,2025-09-18
1361,270,HaiPhong,621474.0,pending,2025-02-05
1362,245,DaNang,1535946.0,Pending,31/02/2025
1363,417,HaiPhong,971506.0,PENDING,2025-07-14
1364,414,NgheAn,1767592.0,PENDING,2025-04-06
1365,89,NgheAn,4037402.0,pending,2025-02-24
1366,243,HoChiMinh,4266269.0,CANCELLED,2025-10-03
1367,88,NgheAn,2387430.0,SHIPPING,2025-07-08
1368,122,NgheAn,2403786.0,Pending,2025-09-24
1369,464,HaNoi,3661304.0,cancelled,2025-07-17
1370,418,HoChiMinh,979860.0,PENDING,2025-05-04
1371,112,DaNang,4670128.0,cancelled,2025-06-06
1372,426,HaiPhong,1525513.0,pending,2025-01-16
1373,362,CanTho,2761674.0,cancelled,2025-06-05
1374,455,CanTho,107295.0,Pending,2025-02-02
1375,482,NgheAn,400215.0,PENDING,2025-07-04
1376,212,HaiPhong,674569.0,Cancelled,2025-10-01
1377,230,HoChiMinh,1860268.0,completed,2025-05-02
1378,309,CanTho,716827.0,shipping,2025-04-27
1379,153,HaiPhong,1050015.0,completed,2025-06-02
1380,427,HaNoi,270749.0,PENDING,2025-10-10
1381,2,HoChiMinh,2842126.0,completed,2025-01-18
1382,336,NgheAn,855801.0,Cancelled,2025-02-27
1383,464,HaNoi,690967.0,PENDING,31/02/2025
1384,79,HaNoi,3943535.0,completed,2025-06-18
1385,257,HoChiMinh,2974490.0,Shipping,2025-02-20
1386,40,CanTho,2380172.0,CANCELLED,2025-06-29
1387,361,,4369880.0,cancelled,2025-10-25
1388,226,DaNang,2427848.0,cancelled,2025-09-13
1389,300,HaNoi,1561108.0,Completed,2025-07-19
1390,12,HaNoi,3261846.0,SHIPPING,2025-04-08
1391,169,HoChiMinh,359861.0,shipping,2025-10-14
1392,163,HaiPhong,1967988.0,CANCELLED,2025-07-14
1393,185,CanTho,4933508.0,shipping,2025-04-16
1394,209,HaNoi,4757921.0,pending,2025-09-24
1395,286,HaiPhong,2177244.0,Pending,2025-07-19
1396,234,HaNoi,3729690.0,Shipping,2025-03-25
1397,413,HaNoi,59572.0,cancelled,2025-04-14
1398,341,CanTho,2734196.0,Cancelled,2025-07-27
1399,374,HoChiMinh,3434432.0,COMPLETED,2025-08-29
1400,135,HaNoi,4580824.0,Shipping,2025-10-04
1401,45,NgheAn,2398789.0,Shipping,2025-06-21
1402,226,HoChiMinh,4002965.0,pending,2025-04-09
1403,280,HoChiMinh,1751726.0,shipping,2025-09-21
1404,340,HaNoi,285649.0,Completed,2025-01-01
1405,438,HaNoi,432018.0,Completed,2025-05-17
1406,243,CanTho,4372970.0,completed,2025-03-07
1407,185,CanTho,697527.0,shipping,2025-08-03
1408,296,NgheAn,N/A,PENDING,2025-06-04
1409,373,HaNoi,1241529.0,CANCELLED,2025-05-09
1410,497,HaiPhong,1274448.0,pending,2025-07-03
1411,86,HaNoi,1198617.0,Pending,2025-07-26
1412,243,CanTho,1768815.0,Cancelled,2025-07-24
1413,205,NgheAn,589765.0,cancelled,2025-03-31
1414,341,HoChiMinh,2598216.0,SHIPPING,2025-03-04
1415,80,NgheAn,3242551.0,PENDING,2025-10-18
1416,422,HoChiMinh,306811.0,completed,2025-06-10
1417,267,,4883349.0,Cancelled,2025-09-20
1418,267,HoChiMinh,2625980.0,shipping,2025-05-24
1419,448,HaNoi,4263040.0,PENDING,2025-06-24
1420,14,HaNoi,3162894.0,Completed,2025-09-28
1421,478,CanTho,419375.0,Pending,2025-05-20
1422,149,HoChiMinh,1126221.0,Pending,2025-01-07
1423,284,HaNoi,1744685.0,Cancelled,2025-08-21
1424,465,HoChiMinh,378953.0,Completed,2025-06-01
1425,138,HaNoi,2452346.0,pending,2025-05-25
1426,149,HoChiMinh,917180.0,COMPLETED,2025-09-13
1427,463,HaNoi,1919767.0,pending,2025-10-24
1428,133,NgheAn,3568592.0,Shipping,2025-05-19
1429,478,HaiPhong,2805642.0,Completed,2025-04-12
1430,40,HaiPhong,2531657.0,pending,2025-01-20
1431,486,CanTho,3001799.0,shipping,2025-08-30
1432,417,CanTho,1214760.0,SHIPPING,2025-08-23
1433,17,HaiPhong,1445217.0,PENDING,2025-07-23
1434,131,HaNoi,4195766.0,Pending,
1435,140,NgheAn,578203.0,cancelled,2025-05-25
1436,345,HaiPhong,4361162.0,pending,2025-10-26
1437,86,NgheAn,4093805.0,Shipping,2025-06-30
1438,432,HaNoi,4122328.0,completed,2025-01-15
1439,103,HoChiMinh,4145204.0,PENDING,2025-03-28
1440,417,HoChiMinh,4159931.0,cancelled,2025-02-04
1441,205,DaNang,1767093.0,Shipping,2025-02-06
1442,123,CanTho,3613732.0,COMPLETED,2025-03-08
1443,114,HaiPhong,124518.0,cancelled,2025-08-02
1444,276,,,Shipping,2025-09-30
1445,440,,,Shipping,2025-10-14
1446,47,HaNoi,,Pending,2025-01-26
1447,299,CanTho,520378.0,cancelled,2025-05-10
1448,106,NgheAn,1971823.0,Completed,2025-02-28
1449,411,DaNang,89084.0,Shipping,2025-04-06
1450,80,HoChiMinh,3465504.0,COMPLETED,2025-01-16
1451,434,HaNoi,2459440.0,SHIPPING,2025-13-40
1452,396,CanTho,2730137.0,Cancelled,2025-09-14
1453,254,HaiPhong,4906144.0,Shipping,2025-07-13
1454,56,NgheAn,4013584.0,PENDING,2025-03-04
1455,57,HaiPhong,2453627.0,SHIPPING,2025-04-11
1456,470,HoChiMinh,1956900.0,shipping,2025-05-23
1457,197,NgheAn,-331227,Cancelled,2025-09-20
1458,254,NgheAn,2609998.0,Shipping,2025-08-05
1459,470,HaNoi,1958556.0,CANCELLED,2025-02-27
1460,419,NgheAn,2913716.0,CANCELLED,2025-07-15
1461,355,DaNang,2011561.0,Completed,2025-08-28
1462,79,DaNang,2033402.0,Shipping,2025-10-04
1463,277,DaNang,3119390.0,COMPLETED,2025-02-11
1464,345,CanTho,1465278.0,Cancelled,2025-01-11
1465,230,HaNoi,4106795.0,shipping,2025-09-14
1466,95,CanTho,4309091.0,PENDING,2025-08-27
1467,278,HaNoi,4969001.0,PENDING,2025-10-16
1468,497,CanTho,1925520.0,cancelled,2025-01-17
1469,74,HoChiMinh,1076633.0,cancelled,2025-03-17
1470,181,CanTho,2298983.0,pending,2025-06-05
1471,138,HaNoi,4132571.0,shipping,2025-02-11
1472,125,DaNang,2041565.0,completed,2025-02-02
1473,398,HoChiMinh,4810601.0,PENDING,2025-07-09
1474,159,HaNoi,412190.0,Shipping,2025-07-27
1475,463,CanTho,4207963.0,PENDING,2025-10-05
1476,82,CanTho,709807.0,Cancelled,2025-05-09
1477,326,DaNang,611241.0,shipping,2025-04-25
1478,404,CanTho,1138654.0,SHIPPING,2025-09-20
1479,395,DaNang,2069331.0,SHIPPING,2025-04-25
1480,385,HaiPhong,3055346.0,cancelled,31/02/2025
1481,131,DaNang,2751870.0,COMPLETED,2025-07-09
1482,374,NgheAn,1624857.0,cancelled,2025-10-17
1483,264,HoChiMinh,4085645.0,completed,2025-07-26
1484,99,HaNoi,2392645.0,PENDING,2025-10-05
1485,160,NgheAn,320811.0,Completed,2025-10-06
1486,459,HaNoi,3813272.0,completed,2025-04-27
1487,320,HaiPhong,2915804.0,PENDING,2025-10-09
1488,335,NgheAn,3362742.0,Cancelled,2025-05-29
1489,478,DaNang,4146745.0,Shipping,2025-06-13
1490,122,HoChiMinh,3444983.0,cancelled,2025-08-14
1491,174,,4354419.0,COMPLETED,2025-04-19
1492,54,DaNang,2851479.0,COMPLETED,2025-10-18
1493,382,HaNoi,2495690.0,Completed,2025-08-15
1494,393,NgheAn,3049265.0,Pending,2025-04-02
1495,464,DaNang,1921645.0,PENDING,2025-02-12
1496,12,HoChiMinh,2726110.0,shipping,2025-02-12
1497,280,DaNang,1737323.0,Completed,2025-01-02
1498,362,CanTho,-167421,Shipping,2025-10-26
1499,325,HaNoi,2369898.0,PENDING,2025-08-06
1500,339,HaiPhong,1098329.0,CANCELLED,2025-10-22
1501,263,HaNoi,3189151.0,SHIPPING,2025-09-22
1502,149,,4488972.0,cancelled,2025-07-16
1503,402,HaNoi,4153383.0,SHIPPING,2025-01-22
1504,123,HaNoi,1697154.0,COMPLETED,2025-07-01
1505,132,DaNang,518638.0,Cancelled,2025-04-28
1506,277,DaNang,2913741.0,pending,2025-07-30
1507,55,NgheAn,2380516.0,Cancelled,2025-09-06
1508,181,HoChiMinh,4489662.0,completed,2025-03-16
1509,59,HoChiMinh,2081519.0,CANCELLED,2025-08-04
1510,146,CanTho,863698.0,pending,2025-07-07
1511,120,CanTho,2596105.0,SHIPPING,
1512,470,HaNoi,,PENDING,2025-06-08
1513,172,HoChiMinh,711948.0,Pending,2025-09-22
1514,83,CanTho,4847591.0,pending,2025-10-02
1515,331,CanTho,142430.0,SHIPPING,2025-02-15
1516,276,HaNoi,1126242.0,SHIPPING,2025-04-19
1517,402,HoChiMinh,2709678.0,Completed,2025-08-12
1518,149,DaNang,4239540.0,CANCELLED,2025-07-02
1519,211,HaiPhong,4177489.0,completed,2025-07-12
1520,321,HaNoi,2496055.0,CANCELLED,2025-07-23
1521,223,HaNoi,799568.0,CANCELLED,2025-01-14
1522,442,HaiPhong,2177766.0,Cancelled,2025-05-30
1523,93,HaNoi,1053527.0,CANCELLED,2025-05-17
1524,48,HaiPhong,2363633.0,Pending,2025-07-14
1525,400,HaiPhong,1404283.0,CANCELLED,2025-08-11
1526,420,HoChiMinh,2376344.0,cancelled,2025-07-08
1527,138,HaiPhong,2470357.0,completed,2025-09-02
1528,180,NgheAn,1495843.0,pending,2025-10-09
1529,17,CanTho,829107.0,CANCELLED,31/02/2025
1530,289,DaNang,1715892.0,Cancelled,2025-01-11
1531,343,HaiPhong,663387.0,SHIPPING,2025-05-12
1532,139,HaNoi,349146.0,completed,2025-10-02
1533,38,,2781892.0,Pending,2025-10-03
1534,175,HaNoi,3173087.0,SHIPPING,31/02/2025
1535,462,HoChiMinh,4813002.0,COMPLETED,2025-07-17
1536,230,NgheAn,342279.0,SHIPPING,2025-03-27
1537,291,HaiPhong,1345799.0,Shipping,2025-07-13
1538,71,DaNang,1786237.0,CANCELLED,2025-03-07
1539,491,HaNoi,3244830.0,Completed,2025-04-15
1540,228,HaiPhong,4971412.0,cancelled,2025-07-07
1541,471,HoChiMinh,1483132.0,cancelled,2025-08-29
1542,19,NgheAn,2084276.0,completed,2025-08-19
1543,138,HaNoi,4650005.0,CANCELLED,2025-03-03
1544,326,DaNang,3725160.0,Cancelled,2025-06-04
1545,279,HoChiMinh,2530577.0,CANCELLED,2025-01-31
1546,396,CanTho,64638.0,Completed,2025-05-07
1547,31,HoChiMinh,2780836.0,Shipping,2025-01-09
1548,166,HoChiMinh,3873463.0,cancelled,2025-04-01
1549,277,HoChiMinh,262790.0,COMPLETED,2025-03-15
1550,343,HaNoi,4704358.0,completed,2025-10-25
1551,31,DaNang,4247204.0,COMPLETED,2025-05-25
1552,300,HoChiMinh,4033187.0,CANCELLED,2025-01-09
1553,358,HoChiMinh,4662695.0,COMPLETED,2025-03-09
1554,493,HaNoi,945097.0,Cancelled,2025-06-06
1555,204,HoChiMinh,995468.0,COMPLETED,2025-13-40
1556,154,HoChiMinh,2387251.0,pending,2025-06-30
1557,223,HaiPhong,4604914.0,shipping,2025-02-14
1558,490,HaiPhong,2987387.0,Cancelled,2025-10-24
1559,490,,1290430.0,SHIPPING,2025-07-22
1560,363,HoChiMinh,2857436.0,completed,2025-10-22
1561,399,HoChiMinh,3889601.0,cancelled,2025-06-15
1562,163,HoChiMinh,1103227.0,Cancelled,2025-10-26
1563,496,CanTho,2025679.0,cancelled,2025-03-15
1564,429,HoChiMinh,1070795.0,Completed,2025-06-10
1565,477,HoChiMinh,1450575.0,SHIPPING,2025-09-21
1566,41,NgheAn,1779152.0,Completed,2025-01-24
1567,484,HoChiMinh,2497901.0,cancelled,2025-03-22
1568,172,CanTho,1676104.0,CANCELLED,2025-02-22
1569,192,NgheAn,4921787.0,completed,2025-10-12
1570,319,HoChiMinh,1426661.0,cancelled,2025-10-17
1571,49,CanTho,437212.0,Shipping,2025-06-27
1572,16,HaiPhong,1437376.0,cancelled,2025-09-17
1573,91,DaNang,153727.0,PENDING,2025-10-26
1574,241,HoChiMinh,4637222.0,COMPLETED,2025-08-20
1575,461,DaNang,424241.0,CANCELLED,2025-06-23
1576,50,CanTho,1847869.0,PENDING,2025-05-17
1577,281,,2675963.0,Cancelled,2025-08-08
1578,396,CanTho,N/A,COMPLETED,2025-02-06
1579,388,CanTho,735504.0,cancelled,2025-08-21
1580,266,DaNang,4385862.0,Completed,2025-06-13
1581,206,NgheAn,3563936.0,shipping,2025-10-19
1582,377,DaNang,3743905.0,COMPLETED,2025-03-09
1583,92,HaiPhong,3258607.0,COMPLETED,2025-07-17
1584,126,HaiPhong,-78130,Cancelled,2025-10-13
1585,283,HoChiMinh,2712949.0,Completed,2025-09-10
1586,265,HoChiMinh,4451131.0,CANCELLED,2025-09-16
1587,499,CanTho,3858857.0,Completed,2025-04-11
1588,316,HaiPhong,3505207.0,PENDING,2025-08-17
1589,76,DaNang,4425584.0,CANCELLED,2025-03-29
1590,441,HoChiMinh,1071454.0,CANCELLED,2025-03-22
1591,444,HaNoi,1766738.0,SHIPPING,2025-06-23
1592,253,HoChiMinh,401490.0,pending,
1593,152,,2508278.0,pending,2025-03-04
1594,68,HoChiMinh,473801.0,Shipping,2025-08-23
1595,100,,2725959.0,Pending,2025-02-12
1596,349,HoChiMinh,3957385.0,shipping,31/02/2025
1597,478,CanTho,3726283.0,Shipping,2025-05-19
1598,429,HoChiMinh,2037485.0,SHIPPING,2025-06-25
1599,220,HaiPhong,3387028.0,PENDING,2025-03-10
1600,345,DaNang,4704769.0,PENDING,2025-02-01
1601,382,NgheAn,1322174.0,Shipping,2025-10-08
1602,215,HaiPhong,923900.0,completed,2025-05-19
1603,300,HoChiMinh,1062796.0,Pending,2025-03-24
1604,287,HoChiMinh,1649605.0,cancelled,2025-07-04
1605,456,HaNoi,305907.0,SHIPPING,2025-02-09
1606,360,CanTho,1088810.0,SHIPPING,2025-07-11
1607,98,DaNang,4568154.0,completed,2025-06-20
1608,403,HaiPhong,,pending,2025-03-11
1609,470,HaNoi,3649938.0,Pending,2025-05-26
1610,338,CanTho,4774645.0,COMPLETED,2025-05-04
1611,278,HoChiMinh,744512.0,PENDING,2025-02-23
1612,5,NgheAn,4835629.0,Completed,2025-01-14
1613,385,HaNoi,713500.0,pending,2025-03-20
1614,211,NgheAn,2439751.0,Pending,2025-10-25
1615,277,DaNang,3719351.0,completed,2025-02-01
1616,227,HaiPhong,4743549.0,COMPLETED,2025-05-30
1617,226,NgheAn,4134376.0,Shipping,2025-08-17
1618,261,NgheAn,2182872.0,cancelled,2025-08-30
1619,106,,2331301.0,pending,2025-09-07
1620,188,HoChiMinh,3642347.0,completed,2025-03-24
1621,179,HaiPhong,675797.0,COMPLETED,2025-10-08
1622,20,HaiPhong,-414768,Pending,2025-09-23
1623,281,DaNang,2980361.0,shipping,2025-05-17
1624,364,HoChiMinh,1736362.0,Pending,2025-10-12
1625,283,DaNang,3781453.0,Completed,2025-02-26
1626,293,HaNoi,852405.0,CANCELLED,2025-01-11
1627,256,DaNang,72246.0,COMPLETED,2025-09-11
1628,55,NgheAn,2871015.0,pending,2025-03-14
1629,185,HaiPhong,4705520.0,Shipping,2025-04-06
1630,34,CanTho,3154344.0,Shipping,2025-08-05
1631,144,HoChiMinh,4375714.0,pending,2025-04-28
1632,211,HaiPhong,183109.0,Shipping,2025-08-31
1633,260,HaiPhong,419866.0,Cancelled,2025-01-31
1634,216,DaNang,1893353.0,SHIPPING,2025-03-25
1635,383,DaNang,735169.0,shipping,2025-07-08
1636,391,HaiPhong,4151590.0,Pending,2025-01-19
1637,12,HoChiMinh,3947152.0,COMPLETED,2025-09-09
1638,413,HoChiMinh,829879.0,completed,2025-10-19
1639,425,HaiPhong,2900370.0,Pending,2025-08-21
1640,497,NgheAn,1780995.0,Shipping,2025-10-15
1641,179,HoChiMinh,4075054.0,PENDING,2025-07-15
1642,135,NgheAn,3367794.0,COMPLETED,2025-08-10
1643,126,NgheAn,4303485.0,completed,2025-05-13
1644,380,DaNang,742551.0,CANCELLED,2025-01-10
1645,27,DaNang,2086582.0,Cancelled,
1646,302,HaNoi,4614408.0,CANCELLED,2025-09-04
1647,286,CanTho,2465998.0,Pending,2025-09-02
1648,64,HaNoi,3073592.0,SHIPPING,2025-08-05
1649,270,CanTho,1037211.0,CANCELLED,2025-09-24
1650,384,HaiPhong,2256729.0,CANCELLED,2025-05-08
1651,60,CanTho,4571804.0,COMPLETED,2025-06-28
1652,159,HaNoi,509463.0,Shipping,2025-04-26
1653,454,NgheAn,3394944.0,pending,2025-06-11
1654,209,HaNoi,1979311.0,PENDING,2025-09-30
1655,17,NgheAn,372724.0,Cancelled,2025-09-10
1656,468,HoChiMinh,2515876.0,COMPLETED,2025-06-25
1657,364,CanTho,590240.0,cancelled,2025-05-16
1658,385,NgheAn,3260274.0,shipping,2025-02-24
1659,447,DaNang,2872378.0,shipping,2025-08-19
1660,403,HaNoi,983285.0,COMPLETED,2025-07-21
1661,301,CanTho,4171473.0,cancelled,2025-06-02
1662,98,CanTho,3939168.0,completed,2025-04-21
1663,216,HaiPhong,2648835.0,PENDING,2025-07-28
1664,187,CanTho,360388.0,SHIPPING,2025-05-06
1665,468,HaNoi,1002094.0,Shipping,2025-04-18
1666,77,CanTho,2506110.0,SHIPPING,
1667,325,HaNoi,2033160.0,SHIPPING,2025-05-03
1668,70,NgheAn,4205327.0,cancelled,2025-02-06
1669,251,NgheAn,-310732,pending,2025-04-22
1670,238,HaNoi,1172199.0,pending,2025-13-40
1671,364,NgheAn,2438138.0,pending,2025-08-10
1672,206,NgheAn,4833458.0,PENDING,2025-08-05
1673,311,CanTho,2825457.0,Cancelled,2025-04-16
1674,216,DaNang,773641.0,PENDING,2025-05-02
1675,299,NgheAn,2761385.0,Pending,2025-08-07
1676,258,DaNang,-362901,pending,2025-09-21
1677,456,HaiPhong,3046980.0,pending,2025-01-19
1678,423,HaNoi,2305901.0,Cancelled,2025-03-03
1679,237,CanTho,4348435.0,PENDING,2025-07-01
1680,102,HoChiMinh,1787184.0,pending,2025-05-13
1681,72,HaiPhong,671769.0,shipping,2025-06-09
1682,274,DaNang,500375.0,Completed,2025-10-19
1683,347,NgheAn,1978722.0,COMPLETED,2025-06-22
1684,390,DaNang,3770796.0,pending,2025-06-29
1685,219,CanTho,1506363.0,COMPLETED,2025-10-11
1686,135,NgheAn,4582373.0,completed,2025-08-09
1687,292,DaNang,1519385.0,Pending,2025-09-25
1688,222,CanTho,4209693.0,shipping,2025-05-10
1689,27,CanTho,3641533.0,Cancelled,2025-02-26
1690,63,HoChiMinh,4437524.0,shipping,2025-05-01
1691,337,DaNang,4663534.0,Cancelled,2025-05-24
1692,297,HoChiMinh,628446.0,CANCELLED,2025-04-24
1693,43,HaiPhong,2335052.0,pending,2025-04-11
1694,253,DaNang,3878376.0,COMPLETED,2025-07-15
1695,461,NgheAn,320340.0,Completed,2025-01-26
1696,208,HaNoi,3775696.0,Cancelled,2025-03-21
1697,103,DaNang,766641.0,SHIPPING,2025-06-24
1698,475,CanTho,4675392.0,Completed,2025-10-25
1699,393,HaiPhong,4699839.0,Shipping,2025-08-08
1700,117,HoChiMinh,2422840.0,Cancelled,2025-04-26
1701,121,NgheAn,2810703.0,CANCELLED,2025-03-02
1702,455,HaiPhong,382099.0,cancelled,2025-07-06
1703,419,HoChiMinh,2835378.0,completed,2025-05-08
1704,492,CanTho,3215354.0,SHIPPING,2025-06-29
1705,472,HaiPhong,1837032.0,Shipping,2025-01-27
1706,99,CanTho,614848.0,COMPLETED,2025-10-08
1707,149,HaNoi,984360.0,Shipping,2025-04-25
1708,70,HoChiMinh,1623403.0,Completed,2025-03-09
1709,64,HaNoi,1614777.0,shipping,2025-09-06
1710,29,CanTho,678073.0,Pending,2025-04-01
1711,359,NgheAn,2222537.0,pending,2025-10-17
1712,178,NgheAn,-354943,shipping,2025-02-21
1713,127,HaNoi,4565290.0,COMPLETED,2025-05-16
1714,303,DaNang,,COMPLETED,2025-04-28
1715,421,CanTho,3493811.0,CANCELLED,2025-07-08
1716,109,NgheAn,4769595.0,SHIPPING,2025-07-15
1717,12,HaNoi,2603965.0,shipping,2025-08-16
1718,323,HoChiMinh,3364583.0,completed,2025-09-23
1719,74,DaNang,1097484.0,Pending,2025-06-03
1720,167,HaiPhong,4492199.0,shipping,2025-09-29
1721,108,HoChiMinh,1300156.0,Shipping,2025-07-27
1722,450,NgheAn,1793459.0,Shipping,2025-04-30
1723,429,,4641906.0,Shipping,2025-01-30
1724,115,HoChiMinh,2021171.0,PENDING,2025-04-28
1725,492,DaNang,2619600.0,SHIPPING,2025-01-07
1726,379,HaiPhong,2121670.0,CANCELLED,31/02/2025
1727,271,CanTho,3549336.0,Completed,2025-10-02
1728,21,HaNoi,2232695.0,CANCELLED,2025-03-11
1729,154,CanTho,1929997.0,shipping,2025-10-11
1730,474,HoChiMinh,3607923.0,PENDING,2025-09-03
1731,95,DaNang,472929.0,shipping,2025-05-08
1732,141,DaNang,1445089.0,CANCELLED,2025-06-12
1733,371,HaiPhong,3857331.0,Pending,2025-09-16
1734,59,HaNoi,987311.0,pending,2025-05-06
1735,397,HaNoi,2949732.0,SHIPPING,2025-03-17
1736,337,HaiPhong,4285104.0,SHIPPING,2025-08-19
1737,488,NgheAn,2112405.0,PENDING,2025-05-18
1738,36,CanTho,4841099.0,cancelled,2025-02-25
1739,110,DaNang,556968.0,PENDING,2025-01-15
1740,148,HaNoi,705235.0,SHIPPING,2025-09-14
1741,261,HoChiMinh,3625633.0,completed,2025-03-18
1742,302,DaNang,2643768.0,cancelled,2025-10-09
1743,177,CanTho,1168800.0,shipping,2025-08-23
1744,209,CanTho,1508271.0,completed,2025-04-08
1745,363,HaNoi,883244.0,Completed,2025-01-07
1746,436,HoChiMinh,2637125.0,PENDING,2025-09-08
1747,237,NgheAn,4329156.0,COMPLETED,2025-03-24
1748,200,CanTho,3630147.0,Shipping,2025-02-17
1749,362,HaiPhong,4218195.0,pending,2025-07-04
1750,391,HaiPhong,1050805.0,completed,2025-10-25
1751,70,DaNang,4254943.0,Shipping,2025-02-05
1752,354,CanTho,3156585.0,COMPLETED,2025-04-22
1753,149,HaiPhong,3049023.0,Pending,2025-08-01
1754,361,DaNang,1381872.0,pending,2025-07-22
1755,263,DaNang,4923250.0,COMPLETED,2025-01-01
1756,198,CanTho,4635546.0,PENDING,2025-02-19
1757,101,HaiPhong,4180679.0,Shipping,2025-10-21
1758,105,CanTho,,Cancelled,2025-01-27
1759,291,HoChiMinh,3318029.0,pending,2025-05-05
1760,98,HaiPhong,2854757.0,cancelled,2025-10-24
1761,152,DaNang,1386924.0,shipping,2025-03-09
1762,111,HoChiMinh,2076940.0,shipping,2025-10-20
1763,192,HaNoi,3171995.0,shipping,2025-03-03
1764,129,HaiPhong,1899763.0,PENDING,2025-09-11
1765,360,HoChiMinh,4405508.0,Pending,31/02/2025
1766,14,HaNoi,203752.0,SHIPPING,2025-05-05
1767,154,,1726478.0,Shipping,2025-10-13
1768,25,DaNang,4090039.0,Shipping,2025-07-06
1769,70,,4794354.0,shipping,2025-05-07
1770,377,DaNang,3404891.0,pending,2025-10-03
1771,269,HaiPhong,2286245.0,COMPLETED,2025-01-26
1772,185,HaiPhong,320894.0,Cancelled,2025-01-26
1773,289,HoChiMinh,4949084.0,COMPLETED,2025-05-29
1774,144,HaNoi,558050.0,CANCELLED,2025-07-23
1775,116,NgheAn,4147640.0,pending,2025-08-27
1776,197,DaNang,4516505.0,Completed,2025-09-20
1777,469,NgheAn,3172702.0,CANCELLED,31/02/2025
1778,348,HaNoi,693521.0,Completed,2025-09-25
1779,334,DaNang,778161.0,cancelled,2025-02-21
1780,228,HaiPhong,4562672.0,Pending,2025-06-09
1781,297,HaiPhong,-122530,SHIPPING,2025-07-16
1782,452,NgheAn,1382432.0,Cancelled,2025-04-02
1783,266,NgheAn,3241739.0,Shipping,
1784,420,HaiPhong,N/A,PENDING,2025-07-12
1785,120,CanTho,4159551.0,cancelled,2025-02-26
1786,49,HoChiMinh,1231716.0,Pending,2025-09-07
1787,195,HoChiMinh,1549375.0,shipping,2025-03-25
1788,227,HaNoi,4803255.0,PENDING,2025-09-21
1789,94,,548063.0,pending,
1790,296,DaNang,2315779.0,completed,2025-07-24
1791,466,DaNang,,Cancelled,2025-07-11
1792,388,HoChiMinh,3858308.0,COMPLETED,2025-04-06
1793,95,CanTho,2074951.0,pending,2025-05-26
1794,389,CanTho,603006.0,Shipping,2025-02-22
1795,275,NgheAn,4092098.0,CANCELLED,2025-01-01
1796,234,HoChiMinh,928211.0,shipping,2025-01-04
1797,174,HaiPhong,4053640.0,Completed,2025-02-02
1798,374,NgheAn,1863903.0,cancelled,2025-02-28
1799,454,DaNang,4253744.0,Completed,2025-07-04
1800,348,,4634565.0,shipping,2025-03-30
1801,33,HaiPhong,355513.0,Pending,2025-06-03
1802,87,CanTho,4643939.0,PENDING,2025-04-21
1803,450,HaNoi,1269969.0,COMPLETED,2025-02-26
1804,449,HaNoi,873929.0,completed,2025-04-18
1805,96,HaNoi,2157188.0,Cancelled,2025-02-13
1806,13,DaNang,1164114.0,completed,2025-07-02
1807,402,HoChiMinh,4735376.0,SHIPPING,31/02/2025
1808,212,DaNang,1060785.0,pending,2025-07-03
1809,26,DaNang,1180729.0,Completed,2025-01-20
1810,76,CanTho,4789344.0,SHIPPING,2025-05-16
1811,386,HaNoi,1774285.0,Cancelled,2025-09-11
1812,206,DaNang,4831125.0,cancelled,2025-08-22
1813,87,HaiPhong,2407156.0,SHIPPING,2025-03-27
1814,475,DaNang,,cancelled,2025-02-07
1815,449,DaNang,1987950.0,Pending,2025-08-04
1816,397,DaNang,3377372.0,cancelled,2025-01-26
1817,452,DaNang,1314214.0,pending,2025-09-14
1818,414,CanTho,4315897.0,PENDING,2025-10-22
1819,467,HaNoi,3082892.0,Completed,2025-05-06
1820,231,DaNang,605973.0,pending,2025-10-20
1821,124,NgheAn,1564209.0,PENDING,2025-06-07
1822,389,HaiPhong,513639.0,CANCELLED,2025-01-04
1823,227,HoChiMinh,1447481.0,Pending,2025-07-26
1824,272,HaiPhong,N/A,Shipping,2025-01-29
1825,214,CanTho,2075697.0,Shipping,2025-01-04
1826,235,DaNang,2698562.0,PENDING,2025-05-01
1827,492,HaiPhong,3909244.0,pending,2025-09-25
1828,456,HaiPhong,3282556.0,pending,2025-05-18
1829,436,NgheAn,860070.0,Completed,2025-07-11
1830,374,DaNang,4395906.0,shipping,2025-01-20
1831,12,HaiPhong,1661631.0,SHIPPING,2025-05-14
1832,210,,1590405.0,CANCELLED,2025-08-19
1833,28,NgheAn,3641935.0,PENDING,2025-07-20
1834,469,HaNoi,3854693.0,Completed,2025-05-09
1835,411,DaNang,1414801.0,shipping,2025-02-09
1836,111,NgheAn,1456109.0,Pending,2025-07-10
1837,228,CanTho,3981144.0,shipping,
1838,469,,1089462.0,pending,2025-08-28
1839,137,HaNoi,2311982.0,SHIPPING,2025-08-05
1840,273,NgheAn,2115360.0,PENDING,2025-07-29
1841,186,HaiPhong,2064361.0,Shipping,2025-02-10
1842,293,CanTho,404298.0,Shipping,2025-04-09
1843,163,HaNoi,1596655.0,Pending,2025-05-31
1844,5,HoChiMinh,793449.0,SHIPPING,2025-04-07
1845,205,HaNoi,1813583.0,Shipping,2025-05-18
1846,275,DaNang,3889155.0,PENDING,2025-08-06
1847,307,HaNoi,1020360.0,Cancelled,
1848,496,HaNoi,835451.0,cancelled,2025-02-10
1849,486,HaiPhong,974784.0,PENDING,2025-06-24
1850,349,DaNang,2796522.0,Completed,2025-04-02
1851,234,HaiPhong,964404.0,COMPLETED,2025-09-20
1852,475,HaiPhong,2034645.0,shipping,2025-05-06
1853,488,CanTho,2070985.0,Cancelled,2025-09-28
1854,95,,3555062.0,PENDING,2025-07-22
1855,265,DaNang,4737690.0,pending,2025-09-20
1856,446,HoChiMinh,739244.0,CANCELLED,2025-06-05
1857,72,HaiPhong,2277816.0,cancelled,2025-10-10
1858,450,CanTho,2106668.0,PENDING,2025-02-09
1859,217,DaNang,272405.0,PENDING,2025-01-19
1860,96,DaNang,1102395.0,SHIPPING,2025-03-03
1861,334,NgheAn,3837715.0,pending,2025-09-09
1862,298,CanTho,1322203.0,Cancelled,2025-03-19
1863,33,HoChiMinh,3030361.0,Cancelled,2025-03-05
1864,150,DaNang,4115234.0,Shipping,2025-05-09
1865,302,DaNang,N/A,completed,2025-07-08
1866,42,HaNoi,3491138.0,shipping,2025-04-07
1867,119,HaNoi,3243784.0,Shipping,31/02/2025
1868,430,CanTho,4558489.0,pending,2025-09-24
1869,418,HaiPhong,1769269.0,pending,2025-08-17
1870,460,HoChiMinh,659540.0,Pending,2025-06-01
1871,407,NgheAn,330660.0,shipping,2025-10-02
1872,54,HoChiMinh,4603886.0,Shipping,2025-04-20
1873,222,,1512221.0,SHIPPING,2025-02-24
1874,252,NgheAn,540173.0,cancelled,2025-04-28
1875,493,DaNang,4302270.0,SHIPPING,2025-03-26
1876,335,DaNang,327458.0,Completed,2025-07-05
1877,63,NgheAn,4225218.0,pending,
1878,6,HaiPhong,252688.0,shipping,2025-06-07
1879,457,HaiPhong,2170965.0,pending,2025-06-15
1880,18,DaNang,4018933.0,Pending,2025-08-22
1881,3,DaNang,4130140.0,shipping,2025-02-20
1882,41,NgheAn,2401636.0,Pending,2025-10-18
1883,475,HoChiMinh,1919382.0,Cancelled,2025-07-13
1884,349,CanTho,4880905.0,Shipping,2025-03-08
1885,338,CanTho,2472268.0,completed,2025-10-10
1886,236,DaNang,639690.0,cancelled,2025-07-23
1887,369,HaiPhong,3027769.0,cancelled,2025-09-20
1888,118,HaNoi,1805066.0,Shipping,2025-09-29
1889,72,CanTho,4546083.0,completed,2025-01-24
1890,108,HaiPhong,305376.0,cancelled,2025-10-01
1891,408,HaiPhong,2751042.0,PENDING,2025-08-11
1892,320,CanTho,2308916.0,Completed,2025-04-27
1893,104,HaNoi,1061935.0,Shipping,2025-02-24
1894,199,DaNang,,SHIPPING,2025-01-18
1895,497,CanTho,2651099.0,Cancelled,2025-04-03
1896,236,HaiPhong,1995753.0,shipping,2025-03-11
1897,247,HaiPhong,2674782.0,SHIPPING,2025-02-25
1898,337,CanTho,-182085,Cancelled,2025-06-22
1899,337,HaNoi,408287.0,Pending,2025-03-08
1900,301,DaNang,3439755.0,CANCELLED,2025-10-19
1901,263,HaNoi,N/A,SHIPPING,2025-05-29
1902,202,CanTho,2251577.0,COMPLETED,2025-04-07
1903,130,HaiPhong,-118360,Completed,2025-01-03
1904,412,CanTho,,Completed,2025-09-18
1905,218,CanTho,N/A,PENDING,2025-02-25
1906,465,HoChiMinh,595292.0,Pending,2025-09-15
1907,110,DaNang,1836839.0,shipping,2025-09-13
1908,128,CanTho,4799303.0,Completed,2025-09-06
1909,143,HaNoi,4237847.0,COMPLETED,2025-04-26
1910,236,DaNang,4540985.0,completed,2025-02-05
1911,124,,3742650.0,Shipping,2025-06-03
1912,430,HaiPhong,2754349.0,Completed,2025-08-05
1913,393,HaNoi,1743016.0,cancelled,2025-07-13
1914,51,HaNoi,1025796.0,shipping,2025-10-05
1915,91,HaiPhong,2805810.0,CANCELLED,2025-05-07
1916,216,NgheAn,2242829.0,Completed,2025-04-13
1917,443,HaNoi,1613607.0,shipping,2025-08-24
1918,85,NgheAn,1213867.0,Cancelled,2025-06-11
1919,282,HaNoi,481610.0,Cancelled,2025-01-01
1920,472,HaNoi,2092545.0,CANCELLED,2025-07-25
1921,10,HaiPhong,4904208.0,completed,
1922,27,HaNoi,3150250.0,SHIPPING,2025-01-08
1923,6,HaNoi,1577687.0,pending,2025-02-13
1924,248,HaiPhong,2105489.0,Pending,2025-04-03
1925,437,DaNang,1061073.0,cancelled,2025-02-05
1926,433,HoChiMinh,723783.0,COMPLETED,2025-05-03
1927,429,CanTho,4337523.0,SHIPPING,2025-05-01
1928,89,DaNang,762147.0,completed,2025-01-23
1929,227,CanTho,3965991.0,Shipping,2025-09-19
1930,9,HaNoi,4201613.0,Completed,2025-04-21
1931,435,HaiPhong,4155604.0,PENDING,2025-06-19
1932,226,DaNang,567473.0,PENDING,2025-08-08
1933,366,DaNang,1645317.0,cancelled,2025-06-29
1934,478,CanTho,4591431.0,PENDING,2025-03-02
1935,72,CanTho,1586264.0,Pending,31/02/2025
1936,127,CanTho,2373508.0,Cancelled,2025-05-22
1937,94,DaNang,2698302.0,Completed,2025-04-10
1938,447,NgheAn,4251570.0,pending,2025-01-07
1939,25,DaNang,1914007.0,Completed,2025-07-08
1940,295,HaNoi,4291824.0,cancelled,2025-08-29
1941,413,HoChiMinh,1160115.0,Completed,31/02/2025
1942,190,DaNang,1641897.0,completed,2025-07-16
1943,486,CanTho,905361.0,SHIPPING,2025-06-08
1944,122,HaNoi,4816020.0,PENDING,2025-05-13
1945,292,NgheAn,2751309.0,pending,2025-07-02
1946,329,NgheAn,1847796.0,pending,2025-09-26
1947,267,,2325671.0,CANCELLED,2025-06-14
1948,257,HaNoi,2531977.0,cancelled,2025-10-07
1949,88,HaiPhong,2407616.0,cancelled,2025-06-19
1950,38,DaNang,559893.0,Pending,2025-01-05
1951,42,CanTho,678810.0,COMPLETED,2025-06-24
1952,231,CanTho,4385233.0,Cancelled,2025-06-04
1953,353,NgheAn,4543860.0,PENDING,2025-06-26
1954,54,HoChiMinh,1570532.0,completed,2025-08-21
1955,326,HaNoi,4427225.0,Shipping,2025-06-23
1956,339,NgheAn,1539448.0,SHIPPING,2025-07-30
1957,66,HaNoi,3462068.0,CANCELLED,2025-10-14
1958,167,HaiPhong,2027439.0,shipping,2025-06-10
1959,110,HaiPhong,2791809.0,PENDING,2025-08-18
1960,348,CanTho,3120063.0,PENDING,2025-08-28
1961,183,HoChiMinh,130690.0,pending,2025-04-16
1962,190,DaNang,199466.0,SHIPPING,2025-13-40
1963,28,NgheAn,1416222.0,PENDING,2025-04-22
1964,252,DaNang,830873.0,PENDING,2025-04-14
1965,298,CanTho,3274060.0,COMPLETED,2025-09-20
1966,145,DaNang,450425.0,shipping,2025-02-16
1967,420,DaNang,328653.0,SHIPPING,2025-04-21
1968,53,HoChiMinh,1897748.0,SHIPPING,2025-08-16
1969,172,HoChiMinh,4504413.0,cancelled,2025-08-15
1970,360,DaNang,2922448.0,shipping,2025-08-30
1971,255,HaNoi,2783327.0,Pending,2025-02-21
1972,64,HoChiMinh,,pending,2025-07-03
1973,244,HaNoi,2590442.0,Pending,2025-10-01
1974,45,DaNang,3298220.0,Cancelled,
1975,341,CanTho,233792.0,PENDING,2025-10-20
1976,240,HaiPhong,411620.0,completed,2025-06-19
1977,445,CanTho,4345689.0,COMPLETED,2025-07-11
1978,19,HaNoi,2948667.0,cancelled,2025-06-07
1979,118,DaNang,2319757.0,Completed,2025-05-06
1980,101,NgheAn,489502.0,Completed,2025-05-08
1981,477,CanTho,407281.0,COMPLETED,2025-09-25
1982,399,NgheAn,76513.0,Cancelled,2025-10-14
1983,69,DaNang,1799361.0,Completed,31/02/2025
1984,111,DaNang,1162748.0,cancelled,2025-09-10
1985,67,NgheAn,4008869.0,Pending,31/02/2025
1986,402,HaiPhong,2535331.0,CANCELLED,2025-01-17
1987,379,HaiPhong,649869.0,Cancelled,2025-02-14
1988,120,CanTho,1700382.0,completed,2025-03-09
1989,259,HaNoi,2765398.0,Shipping,2025-13-40
1990,74,HaiPhong,952220.0,Shipping,2025-10-08
1991,372,HaiPhong,808992.0,pending,2025-04-29
1992,455,NgheAn,2720357.0,COMPLETED,2025-02-06
1993,19,DaNang,1154329.0,COMPLETED,2025-09-24
1994,162,HaNoi,1875725.0,PENDING,2025-09-20
1995,409,,3205684.0,PENDING,2025-04-14
1996,77,HaiPhong,2898897.0,Cancelled,2025-05-10
1997,454,DaNang,2735320.0,cancelled,2025-03-17
1998,344,CanTho,3324413.0,pending,31/02/2025
1999,446,NgheAn,1606590.0,cancelled,2025-04-24
2000,467,HoChiMinh,3220254.0,CANCELLED,2025-08-22
