customer_id,customer_name,province,customer_type,created_at
C0001,Tran An,HaiPhong,REGULAR,2024-04-24 00:00:00
C0002,Le Binh,DongNai,REGULAR,2024-08-04 00:00:00
C0003,Nguyen An,HoChiMinh,REGULAR,2024-04-29 00:00:00
C0004,Do Khanh,HaNoi,NEW,2024-04-11 00:00:00
C0005,Do Giang,CanTho,VIP,2024-05-22 00:00:00
C0006,Nguyen Cuong,ThanhHoa,VIP,2024-05-22 00:00:00
C0007,Le Dung,NgheAn,REGULAR,2024-02-17 00:00:00
C0008,Dang Binh,NgheAn,VIP,2024-05-15 00:00:00
C0009,Nguyen Hoa,DongNai,REGULAR,2024-07-12 00:00:00
C0010,Tran Ich,HaiPhong,NEW,2024-07-04 00:00:00
C0011,Ngo Dung,HoChiMinh,REGULAR,2024-04-26 00:00:00
C0012,Hoang Binh,CanTho,REGULAR,2024-07-13 00:00:00
C0013,Hoang Hoa,NgheAn,REGULAR,2024-07-08 00:00:00
C0014,Vu Dung,HaiPhong,NEW,2024-02-06 00:00:00
C0015,Ngo Cuong,DongNai,NEW,2024-05-05 00:00:00
C0016,Le Hoa,ThanhHoa,VIP,2024-10-12 00:00:00
C0017,Pham Phuong,HaNoi,REGULAR,2024-01-17 00:00:00
C0018,Vu Giang,HaiPhong,REGULAR,2024-04-18 00:00:00
C0019,Ngo Phuong,CanTho,NEW,2024-09-12 00:00:00
C0020,Dang Hoa,DaNang,VIP,2024-03-12 00:00:00
C0021,Pham Ich,DongNai,VIP,2024-10-26 00:00:00
C0022,Dang Khanh,ThanhHoa,VIP,2024-04-22 00:00:00
C0023,Le Ich,BinhDuong,REGULAR,2024-01-25 00:00:00
C0024,Tran Cuong,DaNang,NEW,2024-08-04 00:00:00
C0025,Ngo Binh,ThanhHoa,VIP,2024-08-27 00:00:00
C0026,Do Em,DongNai,REGULAR,2024-02-28 00:00:00
C0027,Do Em,NgheAn,REGULAR,2024-05-30 00:00:00
C0028,Dang Cuong,BinhDuong,REGULAR,2024-05-14 00:00:00
C0029,Do Cuong,DongNai,REGULAR,2024-06-01 00:00:00
C0030,Do Khanh,CanTho,REGULAR,2024-07-10 00:00:00
C0031,Le Ich,DongNai,REGULAR,2024-06-14 00:00:00
C0032,Bui An,HoChiMinh,VIP,2024-06-06 00:00:00
C0033,Pham An,CanTho,NEW,2024-02-10 00:00:00
C0034,Tran Hoa,HoChiMinh,NEW,2024-03-05 00:00:00
C0035,Le Hoa,DongNai,REGULAR,2024-05-15 00:00:00
C0036,Do Khanh,ThanhHoa,REGULAR,2024-10-03 00:00:00
C0037,Pham Em,ThanhHoa,NEW,2024-07-10 00:00:00
C0038,Bui Ich,BinhDuong,REGULAR,2024-05-06 00:00:00
C0039,Pham Binh,NgheAn,REGULAR,2024-10-10 00:00:00
C0040,Pham Khanh,CanTho,REGULAR,2024-02-06 00:00:00
C0041,Nguyen Dung,HoChiMinh,REGULAR,2024-06-18 00:00:00
C0042,Tran Ich,CanTho,VIP,2024-09-05 00:00:00
C0043,Pham Ich,DaNang,NEW,2024-10-19 00:00:00
C0044,Ngo Hoa,CanTho,VIP,2024-07-27 00:00:00
C0045,Pham Binh,HoChiMinh,NEW,2024-08-08 00:00:00
C0046,Vu Giang,ThanhHoa,VIP,2024-01-28 00:00:00
C0047,Tran An,ThanhHoa,NEW,2024-06-22 00:00:00
C0048,Tran Dung,CanTho,REGULAR,2024-10-01 00:00:00
C0049,Bui Cuong,ThanhHoa,REGULAR,2024-05-22 00:00:00
C0050,Bui Dung,HoChiMinh,VIP,2024-10-08 00:00:00
C0051,Tran An,DongNai,REGULAR,2024-02-17 00:00:00
C0052,Pham Cuong,ThanhHoa,VIP,2024-09-03 00:00:00
C0053,Pham Giang,HaNoi,REGULAR,2024-07-13 00:00:00
C0054,Nguyen Giang,HaiPhong,VIP,2024-05-26 00:00:00
C0055,Dang Ich,BinhDuong,REGULAR,2024-04-07 00:00:00
C0056,Hoang Dung,HaNoi,NEW,2024-10-04 00:00:00
C0057,Nguyen Phuong,HaNoi,REGULAR,2024-10-26 00:00:00
C0058,Bui Ich,DongNai,REGULAR,2024-01-30 00:00:00
C0059,Do Binh,DaNang,REGULAR,2024-02-04 00:00:00
C0060,Pham Giang,HoChiMinh,NEW,2024-05-06 00:00:00
C0061,Ngo Khanh,HaNoi,NEW,2024-02-11 00:00:00
C0062,Dang Khanh,KhanhHoa,NEW,2024-06-10 00:00:00
C0063,Hoang Dung,NgheAn,REGULAR,2024-05-15 00:00:00
C0064,Dang Cuong,HaiPhong,VIP,2024-06-10 00:00:00
C0065,Tran An,BinhDuong,NEW,2024-10-15 00:00:00
C0066,Tran Binh,DongNai,REGULAR,2024-09-16 00:00:00
C0067,Hoang Cuong,NgheAn,REGULAR,2024-05-05 00:00:00
C0068,Vu Em,DaNang,VIP,2024-10-05 00:00:00
C0069,Hoang Khanh,DongNai,REGULAR,2024-10-10 00:00:00
C0070,Hoang Binh,DaNang,VIP,2024-02-29 00:00:00
C0071,Tran Ich,DaNang,VIP,2024-05-24 00:00:00
C0072,Ngo Dung,NgheAn,REGULAR,2024-05-15 00:00:00
C0073,Do Hoa,HaiPhong,REGULAR,2024-02-17 00:00:00
C0074,Dang Em,HaNoi,REGULAR,2024-06-19 00:00:00
C0075,Le Em,DaNang,NEW,2024-08-14 00:00:00
C0076,Do Giang,DongNai,REGULAR,2024-02-27 00:00:00
C0077,Tran Cuong,DongNai,REGULAR,2024-07-08 00:00:00
C0078,Ngo Ich,DaNang,VIP,2024-03-06 00:00:00
C0079,Nguyen Em,NgheAn,REGULAR,2024-07-02 00:00:00
C0080,Pham Dung,HoChiMinh,VIP,2024-10-13 00:00:00
C0081,Dang Khanh,DaNang,REGULAR,2024-03-24 00:00:00
C0082,Le Giang,HaNoi,REGULAR,2024-06-19 00:00:00
C0083,Dang Dung,HaiPhong,REGULAR,2024-02-25 00:00:00
C0084,Dang An,BinhDuong,REGULAR,2024-04-12 00:00:00
C0085,Bui Phuong,HaiPhong,REGULAR,2024-04-24 00:00:00
C0086,Nguyen Dung,ThanhHoa,VIP,2024-05-22 00:00:00
C0087,Tran Em,NgheAn,NEW,2024-09-17 00:00:00
C0088,Dang Ich,NgheAn,REGULAR,2024-02-29 00:00:00
C0089,Hoang Cuong,KhanhHoa,VIP,2024-01-20 00:00:00
C0090,Tran Khanh,ThanhHoa,VIP,2024-06-09 00:00:00
C0091,Dang Khanh,DongNai,REGULAR,2024-07-16 00:00:00
C0092,Ngo Dung,HaiPhong,REGULAR,2024-08-11 00:00:00
C0093,Nguyen Ich,DongNai,NEW,2024-04-10 00:00:00
C0094,Vu Giang,HoChiMinh,NEW,2024-06-18 00:00:00
C0095,Ngo Phuong,HoChiMinh,NEW,2024-06-02 00:00:00
C0096,Do Em,ThanhHoa,VIP,2024-07-25 00:00:00
C0097,Hoang Ich,DaNang,REGULAR,2024-08-03 00:00:00
C0098,Dang Cuong,KhanhHoa,NEW,2024-06-03 00:00:00
C0099,Dang Ich,HaNoi,VIP,2024-05-26 00:00:00
C0100,Pham Giang,KhanhHoa,NEW,2024-06-13 00:00:00
C0101,Bui Hoa,BinhDuong,NEW,2024-04-19 00:00:00
C0102,Do Hoa,DaNang,NEW,2024-02-13 00:00:00
C0103,Hoang Ich,KhanhHoa,VIP,2024-02-17 00:00:00
C0104,Pham Em,CanTho,REGULAR,2024-03-16 00:00:00
C0105,Nguyen An,CanTho,VIP,2024-02-07 00:00:00
C0106,Bui Giang,KhanhHoa,REGULAR,2024-07-15 00:00:00
C0107,Bui Giang,CanTho,REGULAR,2024-01-03 00:00:00
C0108,Tran Giang,CanTho,REGULAR,2024-09-22 00:00:00
C0109,Bui An,DongNai,REGULAR,2024-03-03 00:00:00
C0110,Bui Cuong,BinhDuong,NEW,2024-09-28 00:00:00
C0111,Do Khanh,NgheAn,VIP,2024-09-15 00:00:00
C0112,Dang Ich,BinhDuong,REGULAR,2024-08-31 00:00:00
C0113,Bui Em,CanTho,NEW,2024-05-21 00:00:00
C0114,Do Hoa,CanTho,VIP,2024-08-13 00:00:00
C0115,Tran Em,CanTho,VIP,2024-06-20 00:00:00
C0116,Vu Ich,HoChiMinh,REGULAR,2024-03-18 00:00:00
C0117,Pham Giang,DaNang,NEW,2024-04-19 00:00:00
C0118,Tran Giang,ThanhHoa,VIP,2024-10-04 00:00:00
C0119,Bui Giang,HaNoi,REGULAR,2024-08-03 00:00:00
C0120,Dang Khanh,HaNoi,NEW,2024-07-13 00:00:00
C0121,Bui An,NgheAn,VIP,2024-07-18 00:00:00
C0122,Dang Ich,DongNai,NEW,2024-04-22 00:00:00
C0123,Bui Dung,HaiPhong,VIP,2024-09-05 00:00:00
C0124,Nguyen Giang,NgheAn,NEW,2024-07-26 00:00:00
C0125,Le Hoa,DaNang,NEW,2024-09-30 00:00:00
C0126,Nguyen Giang,KhanhHoa,NEW,2024-01-14 00:00:00
C0127,Tran Giang,DaNang,VIP,2024-04-03 00:00:00
C0128,Nguyen Em,ThanhHoa,VIP,2024-04-18 00:00:00
C0129,Bui Phuong,NgheAn,VIP,2024-05-22 00:00:00
C0130,Dang Em,HoChiMinh,VIP,2024-01-10 00:00:00
C0131,Do An,NgheAn,REGULAR,2024-02-05 00:00:00
C0132,Nguyen An,CanTho,REGULAR,2024-01-11 00:00:00
C0133,Ngo Cuong,CanTho,REGULAR,2024-08-30 00:00:00
C0134,Tran Khanh,CanTho,VIP,2024-05-11 00:00:00
C0135,Vu Cuong,KhanhHoa,NEW,2024-02-28 00:00:00
C0136,Le Em,HoChiMinh,NEW,2024-01-14 00:00:00
C0137,Hoang Khanh,ThanhHoa,VIP,2024-04-11 00:00:00
C0138,Tran Khanh,CanTho,REGULAR,2024-06-03 00:00:00
C0139,Ngo Binh,KhanhHoa,REGULAR,2024-06-26 00:00:00
C0140,Do Giang,NgheAn,REGULAR,2024-09-16 00:00:00
C0141,Vu An,ThanhHoa,VIP,2024-02-24 00:00:00
C0142,Dang Phuong,BinhDuong,NEW,2024-03-19 00:00:00
C0143,Dang Cuong,DongNai,NEW,2024-05-18 00:00:00
C0144,Ngo Ich,BinhDuong,VIP,2024-08-11 00:00:00
C0145,Ngo Em,NgheAn,REGULAR,2024-02-14 00:00:00
C0146,Hoang Hoa,CanTho,VIP,2024-10-18 00:00:00
C0147,Ngo Giang,NgheAn,REGULAR,2024-09-10 00:00:00
C0148,Vu Cuong,BinhDuong,REGULAR,2024-06-30 00:00:00
C0149,Hoang Phuong,HaiPhong,NEW,2024-05-21 00:00:00
C0150,Do An,DongNai,REGULAR,2024-02-13 00:00:00
C0151,Pham Giang,BinhDuong,NEW,2024-05-03 00:00:00
C0152,Bui Hoa,BinhDuong,REGULAR,2024-02-17 00:00:00
C0153,Hoang Dung,ThanhHoa,NEW,2024-05-04 00:00:00
C0154,Hoang Khanh,NgheAn,VIP,2024-10-10 00:00:00
C0155,Do Phuong,ThanhHoa,NEW,2024-10-08 00:00:00
C0156,Vu Phuong,BinhDuong,VIP,2024-06-05 00:00:00
C0157,Hoang Dung,HoChiMinh,NEW,2024-04-08 00:00:00
C0158,Vu Binh,DongNai,NEW,2024-04-04 00:00:00
C0159,Pham Dung,BinhDuong,VIP,2024-09-25 00:00:00
C0160,Ngo Em,HoChiMinh,REGULAR,2024-05-31 00:00:00
C0161,Pham Phuong,DaNang,VIP,2024-01-08 00:00:00
C0162,Do Cuong,HaiPhong,REGULAR,2024-01-28 00:00:00
C0163,Do Em,DaNang,NEW,2024-09-08 00:00:00
C0164,Tran An,KhanhHoa,VIP,2024-08-28 00:00:00
C0165,Bui Hoa,NgheAn,REGULAR,2024-01-27 00:00:00
C0166,Hoang Hoa,HoChiMinh,REGULAR,2024-07-24 00:00:00
C0167,Bui Binh,KhanhHoa,NEW,2024-01-28 00:00:00
C0168,Le Cuong,KhanhHoa,VIP,2024-02-13 00:00:00
C0169,Pham Binh,DongNai,VIP,2024-04-25 00:00:00
C0170,Do Giang,BinhDuong,VIP,2024-06-01 00:00:00
C0171,Ngo Giang,HaiPhong,NEW,2024-01-31 00:00:00
C0172,Ngo Binh,CanTho,NEW,2024-04-18 00:00:00
C0173,Hoang Binh,DaNang,REGULAR,2024-03-29 00:00:00
C0174,Do Binh,DaNang,REGULAR,2024-07-28 00:00:00
C0175,Bui Khanh,BinhDuong,VIP,2024-01-17 00:00:00
C0176,Pham Em,HaiPhong,NEW,2024-08-20 00:00:00
C0177,Tran Dung,HaiPhong,NEW,2024-04-11 00:00:00
C0178,Dang Binh,DongNai,REGULAR,2024-03-17 00:00:00
C0179,Hoang Cuong,HoChiMinh,REGULAR,2024-03-25 00:00:00
C0180,Hoang Khanh,KhanhHoa,VIP,2024-08-12 00:00:00
C0181,Tran Hoa,HaiPhong,NEW,2024-07-25 00:00:00
C0182,Hoang Ich,DongNai,VIP,2024-08-12 00:00:00
C0183,Tran Khanh,HaNoi,VIP,2024-06-14 00:00:00
C0184,Ngo Em,HaNoi,REGULAR,2024-04-27 00:00:00
C0185,Ngo Khanh,HaNoi,NEW,2024-05-17 00:00:00
C0186,Ngo An,DaNang,VIP,2024-09-22 00:00:00
C0187,Bui Em,DaNang,NEW,2024-08-11 00:00:00
C0188,Bui Binh,BinhDuong,VIP,2024-07-28 00:00:00
C0189,Vu Phuong,HoChiMinh,REGULAR,2024-06-17 00:00:00
C0190,Dang Hoa,HaiPhong,NEW,2024-07-24 00:00:00
C0191,Do An,BinhDuong,REGULAR,2024-06-10 00:00:00
C0192,Hoang Phuong,HoChiMinh,VIP,2024-09-20 00:00:00
C0193,Nguyen Ich,BinhDuong,VIP,2024-01-28 00:00:00
C0194,Pham Ich,NgheAn,NEW,2024-09-12 00:00:00
C0195,Bui An,CanTho,VIP,2024-10-08 00:00:00
C0196,Le Em,BinhDuong,NEW,2024-09-05 00:00:00
C0197,Tran An,KhanhHoa,REGULAR,2024-03-22 00:00:00
C0198,Hoang Ich,HaNoi,NEW,2024-07-27 00:00:00
C0199,Tran Dung,HoChiMinh,VIP,2024-03-01 00:00:00
C0200,Le Hoa,HaiPhong,NEW,2024-05-19 00:00:00
