order_id,customer_id,province,amount,status,order_date,updated_at
1001,C001,HaNoi,1000000.0,SUCCESS,2025-01-05,2025-01-05 08:30:00
1002,C002,HoChiMinh,2500000.0,completed,2025-01-06,2025-01-06 09:15:00
1003,C003,DaNang,1500000.0,PENDING,2025-01-07,2025-01-07 10:00:00
1004,C004,CanTho,800000.0,COMPLETED,2025-01-08,2025-01-08 11:20:00
1005,C001,HaNoi,0.0,SUCCESS,2025-01-09,2025-01-09 14:00:00
1006,C005,HaiPhong,1200000.0,Shipping,2025-01-10,2025-01-10 15:30:00
1007,C002,HoChiMinh,-50000.0,SUCCESS,2025-01-11,2025-01-11 16:45:00
1008,C006,DaNang,3000000.0,COMPLETED,31/02/2025,2025-01-12 17:00:00
1009,C007,CanTho,600000.0,SUCCESS,2025-01-13,2025-01-13 18:10:00
1010,C003,HaNoi,2000000.0,Pending,2025-01-14,2025-01-14 19:30:00
